sample_no,sample,edge_index,src,dst,reachability_label,semantic_edge,annotation_rationale,srs_path,gt_path
1,s000066_a314f8cb,4,Global::DNS,Browser Clients::Client Browser\nPlayer 2,Reachable,True,SRS supports DNS/server endpoint use by browser clients.,Dataset/G-R2A/s000066_a314f8cb/checked_srs.md,Dataset/G-R2A/s000066_a314f8cb/AD/ad.puml
2,s000072_b56aad92,33,Drivers and Kernels::Cray Driver,Global::Hardware,Unreachable,True,SRS only covers Libfabric verbs constraints; Cray driver-to-hardware is not encoded.,Dataset/G-R2A/s000072_b56aad92/checked_srs.md,Dataset/G-R2A/s000072_b56aad92/AD/ad.puml
3,s000068_a8b7a94e,1,Global::cFS Bundle,Static and Quality Checks::CodeQL Analysis,Reachable,True,SRS describes cFS reusable CI workflows including CodeQL analysis.,Dataset/G-R2A/s000068_a8b7a94e/checked_srs.md,Dataset/G-R2A/s000068_a8b7a94e/AD/ad.puml
4,s000066_a314f8cb,13,Erlang / OTP Game Server Cluster::Server Master\nErlang,Erlang / OTP Game Server Cluster::Server Slave\nErlang,Reachable,True,SRS describes Erlang master/slave game-server topology.,Dataset/G-R2A/s000066_a314f8cb/checked_srs.md,Dataset/G-R2A/s000066_a314f8cb/AD/ad.puml
5,s000007_6883c7be,7,Proxy Layer::cgi_proxy 1::Appkey\nValidate,Support Platform::Mysql,Unreachable,True,SRS does not mention Appkey validation or MySQL for this architecture.,Dataset/G-R2A/s000007_6883c7be/checked_srs.md,Dataset/G-R2A/s000007_6883c7be/AD/ad.puml
6,s000060_935731a2,1,application 2::auditor-v1 client,Global::Kafka,Reachable,True,SRS states the auditor client publishes audit events through EventPublisher/Kafka.,Dataset/G-R2A/s000060_935731a2/checked_srs.md,Dataset/G-R2A/s000060_935731a2/AD/ad.puml
7,s000008_a5828142,1,Global::Developer,Global::Backend Repo,Unreachable,True,SRS does not encode developer-to-backend-repository interaction.,Dataset/G-R2A/s000008_a5828142/checked_srs.md,Dataset/G-R2A/s000008_a5828142/AD/ad.puml
8,s000025_9ba1413f,0,End user::Twilio Studio\nText + Call,Frontend::Create task request,Partial,True,"SRS supports task requests from channels/forms, but not Twilio Studio specifically.",Dataset/G-R2A/s000025_9ba1413f/checked_srs.md,Dataset/G-R2A/s000025_9ba1413f/AD/ad.puml
9,s000007_6883c7be,18,Global::CGI Portal,Support Platform::Data Bank\nHDFS/Hbase/Druid,Unreachable,True,SRS does not encode CGI Portal to HDFS/HBase/Druid data bank.,Dataset/G-R2A/s000007_6883c7be/checked_srs.md,Dataset/G-R2A/s000007_6883c7be/AD/ad.puml
10,s000064_6a496ab6,12,Backend::BFF / API Gateway::Admin Console Gateway,Backend::Microservices::Support Service,Reachable,True,SRS supports gateway/BFF access to the dedicated support API/service.,Dataset/G-R2A/s000064_6a496ab6/checked_srs.md,Dataset/G-R2A/s000064_6a496ab6/AD/ad.puml
11,s000064_6a496ab6,3,Backend::L7 Load Balancer,Backend::BFF / API Gateway::Admin Console Gateway,Partial,True,"SRS mentions load-balanced access and gateway/BFF, but not this exact LB-to-admin-gateway edge.",Dataset/G-R2A/s000064_6a496ab6/checked_srs.md,Dataset/G-R2A/s000064_6a496ab6/AD/ad.puml
12,s000047_f269f85a,5,Global::GitHub,GitHub::Releases,Unreachable,True,Archifiltre SRS does not cover GitHub Releases.,Dataset/G-R2A/s000047_f269f85a/checked_srs.md,Dataset/G-R2A/s000047_f269f85a/AD/ad.puml
13,s000034_43fffc9f,13,Task Queue (in detail::Level 0,Global::hidden]down-> Level1,NonSemantic,False,"PlantUML hidden down layout connector, not an architecture relation.",Dataset/G-R2A/s000034_43fffc9f/checked_srs.md,Dataset/G-R2A/s000034_43fffc9f/AD/ad.puml
14,s000004_241f0bcc,3,Server-side::Technology::.NET Core\nWebAPI,Server-side::Technology::Standard\nC# Classes,Partial,True,SRS lists .NET WebAPI and C# classes but not the explicit dependency.,Dataset/G-R2A/s000004_241f0bcc/checked_srs.md,Dataset/G-R2A/s000004_241f0bcc/AD/ad.puml
15,s000034_43fffc9f,11,Task Queue (in detail::Level 1,Task Queue (in detail::B1,Partial,True,SRS supports task queues but not the exact Level1-to-B1 detail edge.,Dataset/G-R2A/s000034_43fffc9f/checked_srs.md,Dataset/G-R2A/s000034_43fffc9f/AD/ad.puml
16,s000063_a02034f6,15,Services::Services,Storages::MySQL,Partial,True,"SRS names services and MySQL infrastructure, but not a generic Services-to-MySQL dependency.",Dataset/G-R2A/s000063_a02034f6/checked_srs.md,Dataset/G-R2A/s000063_a02034f6/AD/ad.puml
17,s000074_70e7d7f5,1,Tengine Lite::Convert Tool::TF Lite,Tengine Lite::Serializer::TF Lite Serializer,Unreachable,True,Tengine SRS does not define a TF Lite-specific serializer edge.,Dataset/G-R2A/s000074_70e7d7f5/checked_srs.md,Dataset/G-R2A/s000074_70e7d7f5/AD/ad.puml
18,s000007_6883c7be,17,Global::CGI Portal,Support Platform::Mysql,Unreachable,True,SRS does not encode CGI Portal to MySQL.,Dataset/G-R2A/s000007_6883c7be/checked_srs.md,Dataset/G-R2A/s000007_6883c7be/AD/ad.puml
19,s000062_ee8cb840,12,Udacity Self-Driving Car Capstone\nROS Architecture::Planning::Waypoint Updater Node\nROS Node,Udacity Self-Driving Car Capstone\nROS Architecture::Control::Waypoint Follower\nController,Reachable,True,SRS describes waypoint updating and waypoint-following/control interaction.,Dataset/G-R2A/s000062_ee8cb840/checked_srs.md,Dataset/G-R2A/s000062_ee8cb840/AD/ad.puml
20,s000034_43fffc9f,14,Task Queue (in detail::Level 1,Global::hidden]down-> Level2,NonSemantic,False,"PlantUML hidden down layout connector, not an architecture relation.",Dataset/G-R2A/s000034_43fffc9f/checked_srs.md,Dataset/G-R2A/s000034_43fffc9f/AD/ad.puml
21,s000058_3ebb884d,8,AWS Cloud\nConnector Account::SNS Topic\nalerts,AWS Cloud\nConnector Account::Slack notification,Partial,True,"SRS supports SNS subscription targets, but not Slack as the concrete target.",Dataset/G-R2A/s000058_3ebb884d/checked_srs.md,Dataset/G-R2A/s000058_3ebb884d/AD/ad.puml
22,s000075_7722edce,8,Statlord::Server::Layout Resource\ndata and display positions,Statlord::Server::PostgreSQL\npersistent models,Reachable,True,SRS states Layout entities/resources are persisted server-side in PostgreSQL.,Dataset/G-R2A/s000075_7722edce/checked_srs.md,Dataset/G-R2A/s000075_7722edce/AD/ad.puml
23,s000072_b56aad92,11,UCX::UCP Protocols\nHigh Level API::I/O API\nStream,UCX::UCP Protocols\nHigh Level API::Transport Selection,Unreachable,True,UCX UCP stream-to-transport-selection internals are not in the SRS.,Dataset/G-R2A/s000072_b56aad92/checked_srs.md,Dataset/G-R2A/s000072_b56aad92/AD/ad.puml
24,s000034_43fffc9f,8,Task Queue (in detail::Level 0,Task Queue (in detail::A1,Partial,True,SRS supports task queues but not the exact Level0-to-A1 detail edge.,Dataset/G-R2A/s000034_43fffc9f/checked_srs.md,Dataset/G-R2A/s000034_43fffc9f/AD/ad.puml
25,s000049_a71048ac,7,NLP4L User Interfaces and Integrations::File based\nMahout/Spark\nconnector,Lucene Layer::Index,Partial,True,"SRS supports Lucene index and ML export, but not a Mahout/Spark connector edge.",Dataset/G-R2A/s000049_a71048ac/checked_srs.md,Dataset/G-R2A/s000049_a71048ac/AD/ad.puml
26,s000007_6883c7be,14,Proxy Layer::cgi_proxy 1::Plugin::Download,Support Platform::Data Bank\nHDFS/Hbase/Druid,Unreachable,True,SRS does not link plugin download to HDFS/HBase/Druid data bank.,Dataset/G-R2A/s000007_6883c7be/checked_srs.md,Dataset/G-R2A/s000007_6883c7be/AD/ad.puml
27,s000009_ff7318d0,1,Global::User,Global::Cognito,Reachable,True,SRS describes Cognito authentication/protected access.,Dataset/G-R2A/s000009_ff7318d0/checked_srs.md,Dataset/G-R2A/s000009_ff7318d0/AD/ad.puml
28,s000072_b56aad92,23,"UCX::UCT Hardware Transports\nLow Level API::RDMA Verbs Transport\nInfiniBand, ROCE, OPA",Drivers and Kernels::RDMA Verbs Driver,Partial,True,"SRS supports Linux verbs/API dependencies, but not this exact RDMA transport-to-driver edge.",Dataset/G-R2A/s000072_b56aad92/checked_srs.md,Dataset/G-R2A/s000072_b56aad92/AD/ad.puml
29,s000091_f459979d,14,LwM2M Blockchain Platform::LwM2M Bootstrap Server,LwM2M Blockchain Platform::Secure API\nAuthenticated HTTP endpoints,Reachable,True,SRS supports LwM2M bootstrap/server behavior exposed through secure authenticated API endpoints.,Dataset/G-R2A/s000091_f459979d/checked_srs.md,Dataset/G-R2A/s000091_f459979d/AD/ad.puml
30,s000093_425295b3,2,Virtual Motion Tracker::VMT Driver\nC++,Global::OpenVR\nSteamVR Runtime,Reachable,True,SRS states the VMT Driver integrates with SteamVR/OpenVR through the driver interface.,Dataset/G-R2A/s000093_425295b3/checked_srs.md,Dataset/G-R2A/s000093_425295b3/AD/ad.puml
31,s000053_ec192d86,14,Global::cadctl,Global::Update Incident\nNotes,Partial,True,"SRS supports cadctl/incident workflow ideas, but not this exact update-notes edge.",Dataset/G-R2A/s000053_ec192d86/checked_srs.md,Dataset/G-R2A/s000053_ec192d86/AD/ad.puml
32,s000034_43fffc9f,18,Task Queue (in detail::Level 5,Task Queue (in detail::...,Unreachable,True,Exact queue-level detail edge is not encoded in SRS.,Dataset/G-R2A/s000034_43fffc9f/checked_srs.md,Dataset/G-R2A/s000034_43fffc9f/AD/ad.puml
33,s000091_f459979d,1,LwM2M Blockchain Platform::Secure API\nAuthenticated HTTP endpoints,LwM2M Blockchain Platform::LwM2M Server\nLeshan server component,Reachable,True,SRS supports secure API endpoints interacting with the LwM2M server component.,Dataset/G-R2A/s000091_f459979d/checked_srs.md,Dataset/G-R2A/s000091_f459979d/AD/ad.puml
34,s000037_396c6313,7,Global::plugin,Global::SDK,Reachable,True,SRS states plugins/tool implementations use veinmind SDK/libveinmind.,Dataset/G-R2A/s000037_396c6313/checked_srs.md,Dataset/G-R2A/s000037_396c6313/AD/ad.puml
35,s000055_6ea7621c,0,FRONTEND::userInput,FRONTEND::XMLHttpRequest,Partial,True,"SRS supports frontend input and HTTP request initiation, but not XMLHttpRequest as a named edge.",Dataset/G-R2A/s000055_6ea7621c/checked_srs.md,Dataset/G-R2A/s000055_6ea7621c/AD/ad.puml
36,s000058_3ebb884d,4,AWS Cloud\nConnector Account::VPC::connector::Private subnet::AWS Fargate\nKafka Connect Cluster,AWS Cloud\nConnector Account::AWS EventBridge,Partial,True,"SRS supports AWS event routing to SNS, but not Fargate Kafka Connect to EventBridge specifically.",Dataset/G-R2A/s000058_3ebb884d/checked_srs.md,Dataset/G-R2A/s000058_3ebb884d/AD/ad.puml
37,s000047_f269f85a,8,Global::Archifiltre,GitHub::Issues /\nPull requests,Unreachable,True,Archifiltre SRS does not cover GitHub issues or pull requests.,Dataset/G-R2A/s000047_f269f85a/checked_srs.md,Dataset/G-R2A/s000047_f269f85a/AD/ad.puml
38,s000053_ec192d86,3,Alerts::CHGM,PagerDuty Team::prod-deadmanssnitch,Partial,True,"SRS supports alerting/PagerDuty-style escalation, but not this exact CHGM team route.",Dataset/G-R2A/s000053_ec192d86/checked_srs.md,Dataset/G-R2A/s000053_ec192d86/AD/ad.puml
39,s000057_94d93adc,2,Global::Express Server\n- fetches data with Sequelize\n- serves React frontend\n- handles backend API requests,Global::React Frontend\n- Redux state management\n- uploads images and audio\n- controls and visualizes playback,Reachable,True,SRS supports React frontend and Express backend communication/serving.,Dataset/G-R2A/s000057_94d93adc/checked_srs.md,Dataset/G-R2A/s000057_94d93adc/AD/ad.puml
40,s000061_2eb4d99c,11,AWS IoT Device Simulator::AWS Step Functions\nSimulation workflow,AWS IoT Device Simulator::AWS IoT Core,Unreachable,True,SRS does not directly encode Step Functions to IoT Core; broader platform context is not enough.,Dataset/G-R2A/s000061_2eb4d99c/checked_srs.md,Dataset/G-R2A/s000061_2eb4d99c/AD/ad.puml
41,s000053_ec192d86,12,cadctl::switch(alerttype,cadctl::CPD investigation,Unreachable,True,SRS does not encode this CPD investigation branch.,Dataset/G-R2A/s000053_ec192d86/checked_srs.md,Dataset/G-R2A/s000053_ec192d86/AD/ad.puml
42,s000053_ec192d86,10,Global::cadctl,cadctl::switch(alerttype,Partial,True,"SRS supports cadctl alert workflow, but not internal switch(alerttype) structure.",Dataset/G-R2A/s000053_ec192d86/checked_srs.md,Dataset/G-R2A/s000053_ec192d86/AD/ad.puml
43,s000047_f269f85a,6,Global::GitHub,GitHub::Issues /\nPull requests,Unreachable,True,Archifiltre SRS does not cover GitHub issues or pull requests.,Dataset/G-R2A/s000047_f269f85a/checked_srs.md,Dataset/G-R2A/s000047_f269f85a/AD/ad.puml
44,s000074_70e7d7f5,6,Tengine Lite::Convert Tool::MegEngine,Tengine Lite::Serializer::MegEngine Serializer,Unreachable,True,Tengine SRS does not define a MegEngine-specific serializer edge.,Dataset/G-R2A/s000074_70e7d7f5/checked_srs.md,Dataset/G-R2A/s000074_70e7d7f5/AD/ad.puml
45,s000040_337afcbb,0,Global::Internet,Internal Network::PlugIt Proxy,Reachable,True,SRS states external users/systems access services through PlugIt Proxy.,Dataset/G-R2A/s000040_337afcbb/checked_srs.md,Dataset/G-R2A/s000040_337afcbb/AD/ad.puml
46,s000028_3e80e738,1,Cognito Account::Cognito Hosted UI,Cognito Account::Cognito User Pool,Partial,True,"SRS supports Cognito user-pool authentication, but not Hosted UI as a source node.",Dataset/G-R2A/s000028_3e80e738/checked_srs.md,Dataset/G-R2A/s000028_3e80e738/AD/ad.puml
47,s000095_d8954776,13,GPSLogger Android Application::Logging::Loggers,GPSLogger Android Application::Logging::CSV / URL Loggers,Partial,True,"SRS supports logging outputs generally, but not CSV/URL logger subtypes as an edge.",Dataset/G-R2A/s000095_d8954776/checked_srs.md,Dataset/G-R2A/s000095_d8954776/AD/ad.puml
48,s000053_ec192d86,11,cadctl::switch(alerttype,cadctl::CHGM investigation,Partial,True,"SRS supports CHGM investigation workflow, but not this internal switch branch edge.",Dataset/G-R2A/s000053_ec192d86/checked_srs.md,Dataset/G-R2A/s000053_ec192d86/AD/ad.puml
49,s000053_ec192d86,9,Global::Tekton Interceptor:\nAlert investigation\nimplemented in CAD?,Global::Escalate alert to\non-call SRE,Partial,True,"SRS supports alert investigation/escalation, but not the exact Tekton-interceptor-to-SRE edge.",Dataset/G-R2A/s000053_ec192d86/checked_srs.md,Dataset/G-R2A/s000053_ec192d86/AD/ad.puml
50,s000001_3c90b51c,2,Global::CandidatesVotes,Global::Tally,Reachable,True,SRS describes candidate vote totals/tally output.,Dataset/G-R2A/s000001_3c90b51c/checked_srs.md,Dataset/G-R2A/s000001_3c90b51c/AD/ad.puml
51,s000062_ee8cb840,6,Udacity Self-Driving Car Capstone\nROS Architecture::Car / Simulator,Udacity Self-Driving Car Capstone\nROS Architecture::Control::DBW Node\nDrive-by-wire,Reachable,True,SRS describes simulator/car integration with drive-by-wire control topics.,Dataset/G-R2A/s000062_ee8cb840/checked_srs.md,Dataset/G-R2A/s000062_ee8cb840/AD/ad.puml
52,s000002_0f72cc9f,0,Global::<b><u>WEB CLIENT</u></b>\n\n* A-Frame\n* React\n* React-Router,Global::<b><u>WEB SERVER</u></b>\n\n* Node\n* Express\n* DigitalOcean (Deployment,Reachable,True,SRS describes web client to web server interaction.,Dataset/G-R2A/s000002_0f72cc9f/checked_srs.md,Dataset/G-R2A/s000002_0f72cc9f/AD/ad.puml
53,s000351_ed818cab,1,Kangrand Distributed Pollard Kangaroo::Distributed Search Group A::Server\n-wsplit,Kangrand Distributed Pollard Kangaroo::Distributed Search Group A::Client A2,Reachable,True,SRS supports wsplit server coordinating distributed clients.,Dataset/G-R2A/s000351_ed818cab/checked_srs.md,Dataset/G-R2A/s000351_ed818cab/AD/ad.puml
54,s000095_d8954776,16,GPSLogger Android Application::Upload::Upload Jobs,Global::Dropbox,Partial,True,"SRS supports Dropbox integration credentials, but not upload-job-to-Dropbox behavior as a direct edge.",Dataset/G-R2A/s000095_d8954776/checked_srs.md,Dataset/G-R2A/s000095_d8954776/AD/ad.puml
55,s000009_ff7318d0,9,Live Score Pipeline::live_score\nLambda,Live Score Pipeline::DynamoDB\nLive Scores,Partial,True,"SRS has Lambda/DynamoDB/live-score concepts, but live scores are specified through Kafka/Avro on EC2.",Dataset/G-R2A/s000009_ff7318d0/checked_srs.md,Dataset/G-R2A/s000009_ff7318d0/AD/ad.puml
56,s000064_6a496ab6,19,Backend::Microservices::Book Service,Backend::File Storage::NAS\n(Cloud Storage,Partial,True,"SRS supports book data and object storage, but not this exact Book Service-to-NAS edge.",Dataset/G-R2A/s000064_6a496ab6/checked_srs.md,Dataset/G-R2A/s000064_6a496ab6/AD/ad.puml
57,s000013_b5fd7337,9,High level architecture::Analytics and storage::Docker\nkibana container,High level architecture::Analytics and storage::Kibana,Reachable,True,SRS defines Kibana as a separate Dockerized service.,Dataset/G-R2A/s000013_b5fd7337/checked_srs.md,Dataset/G-R2A/s000013_b5fd7337/AD/ad.puml
58,s000037_396c6313,14,SDK::interact system,SDK::plugin system,Partial,True,"SRS supports SDK/plugin integration, but not this exact SDK subsystem edge.",Dataset/G-R2A/s000037_396c6313/checked_srs.md,Dataset/G-R2A/s000037_396c6313/AD/ad.puml
59,s000020_3582f816,14,容器化服务器集群::Web Server,数据可视化::Web UI,Partial,True,"SRS supports Admin browser app/API/reverse-proxy option, but not Web Server serving Web UI as drawn.",Dataset/G-R2A/s000020_3582f816/checked_srs.md,Dataset/G-R2A/s000020_3582f816/AD/ad.puml
60,s000091_f459979d,10,LwM2M Blockchain Platform::Blockchain Network\nEthereum / Web3j,LwM2M Blockchain Platform::BootstrapStore\nSmart Contract,Reachable,True,SRS describes blockchain smart-contract storage for bootstrap/client state.,Dataset/G-R2A/s000091_f459979d/checked_srs.md,Dataset/G-R2A/s000091_f459979d/AD/ad.puml
61,s000037_396c6313,5,Global::plugin,Scan Targets::iac,Reachable,True,SRS supports plugin/SDK scanner implementation for IaC scan targets.,Dataset/G-R2A/s000037_396c6313/checked_srs.md,Dataset/G-R2A/s000037_396c6313/AD/ad.puml
62,s000034_43fffc9f,16,Task Queue (in detail::Level 3,Global::hidden]down-> Level4,NonSemantic,False,"PlantUML hidden down layout connector, not an architecture relation.",Dataset/G-R2A/s000034_43fffc9f/checked_srs.md,Dataset/G-R2A/s000034_43fffc9f/AD/ad.puml
63,s000351_ed818cab,3,Kangrand Distributed Pollard Kangaroo::Distributed Search Group A::Client A1,Kangrand Distributed Pollard Kangaroo::Distributed Search Group A::Kangaroo file A1,Reachable,True,SRS states clients produce local kangaroo/work data files in distributed execution.,Dataset/G-R2A/s000351_ed818cab/checked_srs.md,Dataset/G-R2A/s000351_ed818cab/AD/ad.puml
64,s000013_b5fd7337,4,High level architecture::Analytics and storage::Kibana,High level architecture::Analytics and storage::Elasticsearch,Reachable,True,SRS states Kibana connects to Elasticsearch for data inspection.,Dataset/G-R2A/s000013_b5fd7337/checked_srs.md,Dataset/G-R2A/s000013_b5fd7337/AD/ad.puml
65,s000034_43fffc9f,2,Compute node::MPI Process::Worker\nThread,Compute node::MPI Process::Task Queue,Reachable,True,SRS describes worker threads taking tasks from task queues.,Dataset/G-R2A/s000034_43fffc9f/checked_srs.md,Dataset/G-R2A/s000034_43fffc9f/AD/ad.puml
66,s000095_d8954776,6,GPSLogger Android Application::Event Bus,GPSLogger Android Application::User Interface::Detailed View,Partial,True,"SRS says fragments consume event-bus location events, but not a Detailed View-specific edge.",Dataset/G-R2A/s000095_d8954776/checked_srs.md,Dataset/G-R2A/s000095_d8954776/AD/ad.puml
67,s000026_5d153cf4,1,Your GCP project::Compute Engine::websocketd,Global::Browser,Reachable,True,SRS describes websocketd streaming output to browser/WebSocket clients.,Dataset/G-R2A/s000026_5d153cf4/checked_srs.md,Dataset/G-R2A/s000026_5d153cf4/AD/ad.puml
68,s000020_3582f816,0,Global::安全,Global::数据分析服务,Unreachable,True,MyEMS SRS does not encode a security component protecting a data-analysis service.,Dataset/G-R2A/s000020_3582f816/checked_srs.md,Dataset/G-R2A/s000020_3582f816/AD/ad.puml
69,s000074_70e7d7f5,37,Tengine Lite::Engine::GPU Backend,Tengine Lite::Runtime Optimize::TensorRT / ACL Plugin,Unreachable,True,Tengine SRS does not mention GPU backend to TensorRT/ACL plugin optimization.,Dataset/G-R2A/s000074_70e7d7f5/checked_srs.md,Dataset/G-R2A/s000074_70e7d7f5/AD/ad.puml
70,s000066_a314f8cb,7,Browser Clients::Client Browser\nPlayer 2,"Static Web Tier::Web Server\nGame assets, HTML, CSS, JS",Reachable,True,SRS supports browser clients retrieving static web assets from the web tier.,Dataset/G-R2A/s000066_a314f8cb/checked_srs.md,Dataset/G-R2A/s000066_a314f8cb/AD/ad.puml
71,s000066_a314f8cb,1,Browser Clients::Client Browser\nPlayer 2,Global::DNS,Reachable,True,SRS supports browser clients using DNS/server endpoint resolution.,Dataset/G-R2A/s000066_a314f8cb/checked_srs.md,Dataset/G-R2A/s000066_a314f8cb/AD/ad.puml
72,s000002_0f72cc9f,5,Global::<b><u>DATABASE</u></b>\n\n* MariaDB\n  * Users\n  * Likes\n  * Photos\n  * Comments,Global::<b>REDIS CACHE</b>,Partial,True,"SRS contains database and Redis cache components, but no DB-to-cache direction edge.",Dataset/G-R2A/s000002_0f72cc9f/checked_srs.md,Dataset/G-R2A/s000002_0f72cc9f/AD/ad.puml
73,s000032_0a49a326,6,Activiti Cloud Infrastructure::Config Maps\n(Kubernetes,Activiti Cloud Infrastructure::Activiti Cloud Application::Cloud Connectors,Unreachable,True,SRS explicitly treats ConfigMaps/Cloud Connectors as background unless assigned behavior.,Dataset/G-R2A/s000032_0a49a326/checked_srs.md,Dataset/G-R2A/s000032_0a49a326/AD/ad.puml
74,s000055_6ea7621c,2,FRONTEND::index.html,FRONTEND::main.css,Partial,True,"SRS supports static HTML/CSS assets, but not index.html-to-main.css dependency.",Dataset/G-R2A/s000055_6ea7621c/checked_srs.md,Dataset/G-R2A/s000055_6ea7621c/AD/ad.puml
75,s000067_4d85c913,10,Global::TraceLeft\nCLI and library tracer,Global::Prog ID Map\npid to id,Reachable,True,SRS describes process-context program maps such as pid-based maps for handler selection.,Dataset/G-R2A/s000067_4d85c913/checked_srs.md,Dataset/G-R2A/s000067_4d85c913/AD/ad.puml
76,s000013_b5fd7337,1,High level architecture::Frontend::React,High level architecture::Backend::FastAPI,Reachable,True,SRS explicitly defines React frontend to FastAPI backend communication.,Dataset/G-R2A/s000013_b5fd7337/checked_srs.md,Dataset/G-R2A/s000013_b5fd7337/AD/ad.puml
77,s000074_70e7d7f5,16,Tengine Lite::Serializer::ncnn Serializer,Tengine Lite::Serializer::tmfile Serializer,Unreachable,True,Tengine SRS does not define ncnn Serializer to tmfile Serializer.,Dataset/G-R2A/s000074_70e7d7f5/checked_srs.md,Dataset/G-R2A/s000074_70e7d7f5/AD/ad.puml
78,s000072_b56aad92,31,UCX::UCT Hardware Transports\nLow Level API,UCX::UCM Memory Services,Unreachable,True,UCX low-level UCT to UCM memory-service internals are not encoded in SRS.,Dataset/G-R2A/s000072_b56aad92/checked_srs.md,Dataset/G-R2A/s000072_b56aad92/AD/ad.puml
79,s000024_99ab1380,9,Oracle Cloud Infrastructure (Region::VCN::Subnet 3\n(Private/Regional::Jenkins\nController,Oracle Cloud Infrastructure (Region::VCN::Subnet 4\n(Private/Regional::Agent Node\n(Fault Domain X,Reachable,True,SRS describes Jenkins master/controller and agent-node communication/topology.,Dataset/G-R2A/s000024_99ab1380/checked_srs.md,Dataset/G-R2A/s000024_99ab1380/AD/ad.puml
80,s000050_275af3e0,3,KVM (L0::Hyper-V (L1) - Host::Root Partition\nHost OS (L2::CrashMonitoring.sys,KVM (L0::hAFL2,Unreachable,True,QAPM SRS excludes the complete plugin-injection/compile pipeline.,Dataset/G-R2A/s000050_275af3e0/checked_srs.md,Dataset/G-R2A/s000050_275af3e0/AD/ad.puml
81,s000093_425295b3,4,Virtual Motion Tracker::VMT Driver\nC++,Virtual Motion Tracker::OpenVR Path Constants\n/user/body and /client_info,Partial,True,"SRS treats OpenVR path constants as dependency context, not core product behavior.",Dataset/G-R2A/s000093_425295b3/checked_srs.md,Dataset/G-R2A/s000093_425295b3/AD/ad.puml
82,s000072_b56aad92,4,"Programming Models and Frameworks::MPI\nMPICH, Open-MPI","UCX::UCP Protocols\nHigh Level API::Message Passing API\nTag Matching, Rendezvous",Unreachable,True,SRS does not encode MPI to UCP message-passing API internals.,Dataset/G-R2A/s000072_b56aad92/checked_srs.md,Dataset/G-R2A/s000072_b56aad92/AD/ad.puml
83,s000002_0f72cc9f,6,Global::<b>AWS S3</b>,Global::<b><u>WEB CLIENT</u></b>\n\n* A-Frame\n* React\n* React-Router,Partial,True,"SRS supports S3/object storage and client assets, but not S3-to-web-client direction.",Dataset/G-R2A/s000002_0f72cc9f/checked_srs.md,Dataset/G-R2A/s000002_0f72cc9f/AD/ad.puml
84,s000068_a8b7a94e,2,Global::cFS Bundle,Static and Quality Checks::Format Check,Reachable,True,SRS describes CI format checking for the cFS bundle.,Dataset/G-R2A/s000068_a8b7a94e/checked_srs.md,Dataset/G-R2A/s000068_a8b7a94e/AD/ad.puml
85,s000001_3c90b51c,0,Seat Allocation Processor::Filter,Seat Allocation Processor::Process,Reachable,True,SRS supports filtering before seat-allocation processing.,Dataset/G-R2A/s000001_3c90b51c/checked_srs.md,Dataset/G-R2A/s000001_3c90b51c/AD/ad.puml
86,s000056_78d18331,0,Host Scanner Endpoint Tests::endpoint_test.go\ncommon endpoint tests,Host Scanner Endpoint Tests::endpoint_platform1_test.go\nplatform-specific expected data,Reachable,True,SRS supports common endpoint tests selecting provider-specific expected data via build tags.,Dataset/G-R2A/s000056_78d18331/checked_srs.md,Dataset/G-R2A/s000056_78d18331/AD/ad.puml
87,s000058_3ebb884d,3,AWS Cloud\nConnector Account::VPC::connector::Private subnet::AWS Fargate\nKafka Connect Cluster,AWS Cloud\nConnector Account::VPC::CMS BigMAC,Partial,True,"SRS supports Appian-to-BigMAC transfer, but not Fargate Kafka Connect deployment topology.",Dataset/G-R2A/s000058_3ebb884d/checked_srs.md,Dataset/G-R2A/s000058_3ebb884d/AD/ad.puml
88,s000053_ec192d86,4,Alerts::CPD,PagerDuty Team::app-sre-alertmanager,Partial,True,"SRS supports PagerDuty/SRE alerting, but not exact CPD-to-team mapping.",Dataset/G-R2A/s000053_ec192d86/checked_srs.md,Dataset/G-R2A/s000053_ec192d86/AD/ad.puml
89,s000351_ed818cab,10,Kangrand Distributed Pollard Kangaroo::Distributed Search Group B::Server\n-wsplit,Kangrand Distributed Pollard Kangaroo::Distributed Search Group B::Client B3,Reachable,True,SRS supports wsplit server coordinating distributed clients.,Dataset/G-R2A/s000351_ed818cab/checked_srs.md,Dataset/G-R2A/s000351_ed818cab/AD/ad.puml
90,s000063_a02034f6,12,Global::BFF,Global::Kafka,Partial,True,"SRS names BFF/access layer and Kafka infrastructure, but not a direct BFF-to-Kafka edge.",Dataset/G-R2A/s000063_a02034f6/checked_srs.md,Dataset/G-R2A/s000063_a02034f6/AD/ad.puml
91,s000066_a314f8cb,5,Global::DNS,Browser Clients::Client Browser\nPlayer 3,Reachable,True,SRS supports DNS/server endpoint use by browser clients.,Dataset/G-R2A/s000066_a314f8cb/checked_srs.md,Dataset/G-R2A/s000066_a314f8cb/AD/ad.puml
92,s000068_a8b7a94e,8,Static and Quality Checks::CodeQL Analysis,Reuse Workflows::Submodule Reuse,Partial,True,"SRS describes reusable CI workflows including CodeQL and submodule reuse, but not this exact dependency.",Dataset/G-R2A/s000068_a8b7a94e/checked_srs.md,Dataset/G-R2A/s000068_a8b7a94e/AD/ad.puml
93,s000009_ff7318d0,21,Notification Service::SQS,Notification Service::SNS,Reachable,True,SRS states notifications use SQS and SNS for queueing/delivery.,Dataset/G-R2A/s000009_ff7318d0/checked_srs.md,Dataset/G-R2A/s000009_ff7318d0/AD/ad.puml
94,s000064_6a496ab6,24,Backend::Microservices::Notification Service,Backend::External APIs::Push Notification\n(FCM,Partial,True,"SRS supports push-notification integration, but not FCM as the concrete provider.",Dataset/G-R2A/s000064_6a496ab6/checked_srs.md,Dataset/G-R2A/s000064_6a496ab6/AD/ad.puml
95,s000040_337afcbb,3,Internal Network::PlugIt Proxy,Internal Network::PlugIt Service 3,Reachable,True,SRS states PlugIt Proxy communicates with PlugIt Services through the protocol.,Dataset/G-R2A/s000040_337afcbb/checked_srs.md,Dataset/G-R2A/s000040_337afcbb/AD/ad.puml
96,s000074_70e7d7f5,23,Tengine Lite::Engine::Graph Partition,Tengine Lite::Engine::Device Allocator,Partial,True,"SRS names scheduler/device responsibilities, but not Graph Partition to Device Allocator.",Dataset/G-R2A/s000074_70e7d7f5/checked_srs.md,Dataset/G-R2A/s000074_70e7d7f5/AD/ad.puml
97,s000072_b56aad92,30,UCX::UCT Hardware Transports\nLow Level API,UCX::UCS Services\nCommon Utilities,Unreachable,True,UCX UCT-to-UCS internal utility dependency is not in SRS.,Dataset/G-R2A/s000072_b56aad92/checked_srs.md,Dataset/G-R2A/s000072_b56aad92/AD/ad.puml
98,s000020_3582f816,11,数据采集服务::MQTT,容器化服务器集群::MQTT Broker,Unreachable,True,MyEMS SRS does not encode MQTT-to-broker architecture.,Dataset/G-R2A/s000020_3582f816/checked_srs.md,Dataset/G-R2A/s000020_3582f816/AD/ad.puml
99,s000351_ed818cab,17,Kangrand Distributed Pollard Kangaroo::Distributed Search Group A::Work files\nHashTable A,Kangrand Distributed Pollard Kangaroo::Merger,Reachable,True,SRS supports work/hash-table artifacts being merged offline.,Dataset/G-R2A/s000351_ed818cab/checked_srs.md,Dataset/G-R2A/s000351_ed818cab/AD/ad.puml
100,s000075_7722edce,1,Statlord::Browser Editor\nLayout authoring,Statlord::Server::Layout Resource\ndata and display positions,Reachable,True,SRS supports browser editor creation/editing of layout resources.,Dataset/G-R2A/s000075_7722edce/checked_srs.md,Dataset/G-R2A/s000075_7722edce/AD/ad.puml
101,s000063_a02034f6,8,Access Layer::Session,Global::BFF,Partial,True,"SRS supports MTProto session behavior and BFF/access layer, but not this exact Session-to-BFF edge.",Dataset/G-R2A/s000063_a02034f6/checked_srs.md,Dataset/G-R2A/s000063_a02034f6/AD/ad.puml
102,s000351_ed818cab,21,Kangrand Distributed Pollard Kangaroo::Merger,Kangrand Distributed Pollard Kangaroo::Master WorkFile\nHashTable,Reachable,True,SRS supports offline merge producing/using master work-file artifacts.,Dataset/G-R2A/s000351_ed818cab/checked_srs.md,Dataset/G-R2A/s000351_ed818cab/AD/ad.puml
103,s000045_597bf972,5,QAPM_Plugin::QAPM_Plugin,QAPM_Plugin::Plugin init compile,Unreachable,True,QAPM SRS excludes the complete plugin-init/compile pipeline.,Dataset/G-R2A/s000045_597bf972/checked_srs.md,Dataset/G-R2A/s000045_597bf972/AD/ad.puml
104,s000008_a5828142,4,Static Asset Delivery::CDN\nCloudFront,Global::End User,Reachable,True,SRS supports object storage/CDN distribution to end users.,Dataset/G-R2A/s000008_a5828142/checked_srs.md,Dataset/G-R2A/s000008_a5828142/AD/ad.puml
105,s000066_a314f8cb,15,Global::Browser clients initiate WebSocket connections,Global::,NonSemantic,False,"PlantUML note/parser artifact with empty endpoint, not a semantic architecture relation.",Dataset/G-R2A/s000066_a314f8cb/checked_srs.md,Dataset/G-R2A/s000066_a314f8cb/AD/ad.puml
106,s000075_7722edce,3,Statlord::Server::Python / Django API,"Statlord::Server::Gauge Resource\nkey, value",Reachable,True,SRS exposes Django/Python API resources for Gauge key/value data.,Dataset/G-R2A/s000075_7722edce/checked_srs.md,Dataset/G-R2A/s000075_7722edce/AD/ad.puml
107,s000351_ed818cab,8,Kangrand Distributed Pollard Kangaroo::Distributed Search Group B::Server\n-wsplit,Kangrand Distributed Pollard Kangaroo::Distributed Search Group B::Client B1,Reachable,True,SRS supports wsplit server coordinating distributed clients.,Dataset/G-R2A/s000351_ed818cab/checked_srs.md,Dataset/G-R2A/s000351_ed818cab/AD/ad.puml
108,s000353_eb501ff3,3,Global::Router Clients,Global::Router Endpoints,Reachable,True,SRS exposes HTTP API endpoints for Turing routers.,Dataset/G-R2A/s000353_eb501ff3/checked_srs.md,Dataset/G-R2A/s000353_eb501ff3/AD/ad.puml
109,s000006_df2f83a2,4,Biomechanical Model::BaseBMModel,Biomechanical Model::DerivedClass,Partial,True,"SRS supports biomechanical model extension, but not exact BaseBMModel-to-DerivedClass.",Dataset/G-R2A/s000006_df2f83a2/checked_srs.md,Dataset/G-R2A/s000006_df2f83a2/AD/ad.puml
110,s000063_a02034f6,16,Services::DFS,Storages::MinIO,Partial,True,"SRS names storage infrastructure including MinIO, but not DFS-to-MinIO as an explicit edge.",Dataset/G-R2A/s000063_a02034f6/checked_srs.md,Dataset/G-R2A/s000063_a02034f6/AD/ad.puml
111,s000064_6a496ab6,25,Backend::Microservices::Notification Service,Backend::External APIs::Email Sending\n(SendGrid,Partial,True,"SRS supports email notification integration, but not SendGrid as concrete provider.",Dataset/G-R2A/s000064_6a496ab6/checked_srs.md,Dataset/G-R2A/s000064_6a496ab6/AD/ad.puml
112,s000074_70e7d7f5,22,Tengine Lite::Serializer::tmfile Serializer,Tengine Lite::Engine::Graph Partition,Partial,True,"SRS supports tmfile decoding and graph/scheduler modules, but not this exact edge.",Dataset/G-R2A/s000074_70e7d7f5/checked_srs.md,Dataset/G-R2A/s000074_70e7d7f5/AD/ad.puml
113,s000032_0a49a326,12,Activiti Cloud Infrastructure::Activiti Cloud Application::Runtime Bundle,Global::SSO/IDM\n(Keycloak,Partial,True,"SRS supports Keycloak tokens for protected endpoints, but not Runtime Bundle-to-Keycloak as a direct relation.",Dataset/G-R2A/s000032_0a49a326/checked_srs.md,Dataset/G-R2A/s000032_0a49a326/AD/ad.puml
114,s000024_99ab1380,12,Oracle Cloud Infrastructure (Region::VCN::Subnet 3\n(Private/Regional::Jenkins\nController,Oracle Cloud Infrastructure (Region::VCN::NAT\nGateway,Partial,True,"SRS supports private-network NAT prerequisites, but not Controller-to-NAT specifically.",Dataset/G-R2A/s000024_99ab1380/checked_srs.md,Dataset/G-R2A/s000024_99ab1380/AD/ad.puml
115,s000020_3582f816,2,Global::其它数据源,Global::数据采集服务,Unreachable,True,MyEMS SRS does not encode other-data-source to data-collection service.,Dataset/G-R2A/s000020_3582f816/checked_srs.md,Dataset/G-R2A/s000020_3582f816/AD/ad.puml
116,s000010_87e6341f,10,Global::Test Client 1\nNodeJS,Hosted in Azure Kubernetes Service::Docker container::Recipes Server\n(gRPC Server)\nGolang,Partial,True,"SRS supports clients/testers invoking gateway/server contracts, but not NodeJS test client to gRPC server directly.",Dataset/G-R2A/s000010_87e6341f/checked_srs.md,Dataset/G-R2A/s000010_87e6341f/AD/ad.puml
117,s000074_70e7d7f5,18,Tengine Lite::Serializer::OneFlow Serializer,Tengine Lite::Serializer::tmfile Serializer,Unreachable,True,Tengine SRS does not define OneFlow Serializer to tmfile Serializer.,Dataset/G-R2A/s000074_70e7d7f5/checked_srs.md,Dataset/G-R2A/s000074_70e7d7f5/AD/ad.puml
118,s000033_b99c1106,8,Docker Compose Environment::Cluster Manager\n(Spark Standalone,Docker Compose Environment::Spark Workers::Worker N,Reachable,True,SRS states Spark master/cluster manager dispatches work to Spark workers.,Dataset/G-R2A/s000033_b99c1106/checked_srs.md,Dataset/G-R2A/s000033_b99c1106/AD/ad.puml
119,s000034_43fffc9f,6,Compute node::MPI Process::Task Queue,Global::Task Queue (in detail,NonSemantic,False,"Diagram refinement link from queue to detail view, not a runtime architecture edge.",Dataset/G-R2A/s000034_43fffc9f/checked_srs.md,Dataset/G-R2A/s000034_43fffc9f/AD/ad.puml
120,s000006_df2f83a2,9,Perception::BaseModule,Perception::Modalities::Vision,Reachable,True,SRS states perception modules follow base-module/modality organization including vision.,Dataset/G-R2A/s000006_df2f83a2/checked_srs.md,Dataset/G-R2A/s000006_df2f83a2/AD/ad.puml
121,s000091_f459979d,5,LwM2M Blockchain Platform::LwM2M Server\nLeshan server component,LwM2M Blockchain Platform::LwM2M Client\nDevice 1,Reachable,True,SRS supports LwM2M server-client interaction.,Dataset/G-R2A/s000091_f459979d/checked_srs.md,Dataset/G-R2A/s000091_f459979d/AD/ad.puml
122,s000020_3582f816,13,Global::数据计算服务,容器化服务器集群::数据库集群,Unreachable,True,MyEMS SRS does not encode data-computation to database-cluster relation.,Dataset/G-R2A/s000020_3582f816/checked_srs.md,Dataset/G-R2A/s000020_3582f816/AD/ad.puml
123,s000093_425295b3,6,Virtual Motion Tracker::Legacy Controller Binding\nmycontroller JSON,Global::OpenVR\nSteamVR Runtime,Reachable,True,SRS states the legacy mycontroller binding artifact is for OpenVR consumption.,Dataset/G-R2A/s000093_425295b3/checked_srs.md,Dataset/G-R2A/s000093_425295b3/AD/ad.puml
124,s000009_ff7318d0,24,Prediction Service::prediction\nLambda,Prediction Service::DynamoDB\nPredictions,Partial,True,"SRS supports Lambda/API and DynamoDB/prediction concepts, but not prediction Lambda-to-DynamoDB edge.",Dataset/G-R2A/s000009_ff7318d0/checked_srs.md,Dataset/G-R2A/s000009_ff7318d0/AD/ad.puml
125,s000010_87e6341f,11,Global::Test Client 2\nGolang,Hosted in Azure Kubernetes Service::Docker container::Recipes Server\n(gRPC Server)\nGolang,Partial,True,"SRS supports clients/testers invoking gateway/server contracts, but not Golang test client to server directly.",Dataset/G-R2A/s000010_87e6341f/checked_srs.md,Dataset/G-R2A/s000010_87e6341f/AD/ad.puml
126,s000061_2eb4d99c,0,AWS IoT Device Simulator::Users,AWS IoT Device Simulator::Amazon CloudFront,Unreachable,True,Checked SRS does not encode Users-to-CloudFront; CloudFront is outside confirmed requirements.,Dataset/G-R2A/s000061_2eb4d99c/checked_srs.md,Dataset/G-R2A/s000061_2eb4d99c/AD/ad.puml
127,s000010_87e6341f,7,Flutter-based app::MacOS,Global::gRPC Gateway\n(HTTP-gRPC Proxy)\nGolang,Partial,True,"SRS supports Flutter clients and gRPC-Gateway, but not MacOS client to gateway as a specific edge.",Dataset/G-R2A/s000010_87e6341f/checked_srs.md,Dataset/G-R2A/s000010_87e6341f/AD/ad.puml
128,s000010_87e6341f,4,Flutter-based app::Android,Hosted in Azure Kubernetes Service::Docker container::Recipes Server\n(gRPC Server)\nGolang,Reachable,True,SRS supports multi-platform Flutter client communicating with Go gRPC backend.,Dataset/G-R2A/s000010_87e6341f/checked_srs.md,Dataset/G-R2A/s000010_87e6341f/AD/ad.puml
129,s000003_e847b2a1,4,aeternity blockchain::PredictionCards\nSmart Contract,Global::Frontend,Reachable,True,SRS supports frontend reading/interacting with PredictionCards smart contract state.,Dataset/G-R2A/s000003_e847b2a1/checked_srs.md,Dataset/G-R2A/s000003_e847b2a1/AD/ad.puml
130,s000074_70e7d7f5,29,Tengine Lite::Engine::CPU Backend,Tengine Lite::Runtime Optimize::Winograd,Unreachable,True,Tengine SRS does not mention Winograd optimization edge.,Dataset/G-R2A/s000074_70e7d7f5/checked_srs.md,Dataset/G-R2A/s000074_70e7d7f5/AD/ad.puml
131,s000047_f269f85a,0,Archifiltre::Electron,Archifiltre::React.js,Unreachable,True,Archifiltre SRS mentions Electron runtime but not React.js dependency.,Dataset/G-R2A/s000047_f269f85a/checked_srs.md,Dataset/G-R2A/s000047_f269f85a/AD/ad.puml
132,s000007_6883c7be,23,Task Scheduler::Log Analysis,Support Platform::Data Bank\nHDFS/Hbase/Druid,Unreachable,True,SRS does not link log analysis to HDFS/HBase/Druid data bank.,Dataset/G-R2A/s000007_6883c7be/checked_srs.md,Dataset/G-R2A/s000007_6883c7be/AD/ad.puml
133,s000008_a5828142,11,Application Runtime::Reverse Proxy::Express,Global::Coding Sandbox,Reachable,True,SRS states backend invokes Docker-based sandbox for code execution.,Dataset/G-R2A/s000008_a5828142/checked_srs.md,Dataset/G-R2A/s000008_a5828142/AD/ad.puml
134,s000036_b0b48363,1,Global::Python,Global::HypnoLog\nServer,Partial,True,"SRS supports external logging producers sending HTTP logs, but not Python specifically.",Dataset/G-R2A/s000036_b0b48363/checked_srs.md,Dataset/G-R2A/s000036_b0b48363/AD/ad.puml
135,s000062_ee8cb840,4,Udacity Self-Driving Car Capstone\nROS Architecture::Car / Simulator,Udacity Self-Driving Car Capstone\nROS Architecture::Planning::Waypoint Updater Node\nROS Node,Reachable,True,SRS describes simulator/current pose/waypoint updater planning flow.,Dataset/G-R2A/s000062_ee8cb840/checked_srs.md,Dataset/G-R2A/s000062_ee8cb840/AD/ad.puml
136,s000009_ff7318d0,11,Live Score Pipeline::EC2::foot app,Live Score Pipeline::EC2::M4,Unreachable,True,Foot365 SRS does not encode EC2 foot app to M4 instance relation.,Dataset/G-R2A/s000009_ff7318d0/checked_srs.md,Dataset/G-R2A/s000009_ff7318d0/AD/ad.puml
137,s000095_d8954776,0,GPSLogger Android Application::User Interface::Main Activity,GPSLogger Android Application::User Interface::Simple View,Partial,True,"SRS supports main activity/fragments/views, but not Main Activity-to-Simple View directly.",Dataset/G-R2A/s000095_d8954776/checked_srs.md,Dataset/G-R2A/s000095_d8954776/AD/ad.puml
138,s000020_3582f816,4,Global::数据计算服务,Global::数据分析服务,Unreachable,True,MyEMS SRS does not encode data-computation to data-analysis service.,Dataset/G-R2A/s000020_3582f816/checked_srs.md,Dataset/G-R2A/s000020_3582f816/AD/ad.puml
139,s000071_902634c0,1,Data Scientist Environment::ClearML Snippet,ClearML Server::Backend Service API,Partial,True,"SRS supports ClearML backend/service interactions, but not snippet-to-API HTTPS edge.",Dataset/G-R2A/s000071_902634c0/checked_srs.md,Dataset/G-R2A/s000071_902634c0/AD/ad.puml
140,s000037_396c6313,6,Global::runner,Global::SDK,Partial,True,"SRS supports runner execution and SDK-backed plugins, but not runner-to-SDK edge.",Dataset/G-R2A/s000037_396c6313/checked_srs.md,Dataset/G-R2A/s000037_396c6313/AD/ad.puml
141,s000095_d8954776,17,GPSLogger Android Application::Logging::NMEA / GPRMC Encoder,Global::OpenGTS Endpoint\nUDP server,Reachable,True,SRS states NMEA/GPRMC OpenGTS messages are sent to the configured UDP endpoint.,Dataset/G-R2A/s000095_d8954776/checked_srs.md,Dataset/G-R2A/s000095_d8954776/AD/ad.puml
142,s000010_87e6341f,3,Flutter-based app::Dart,Flutter-based app::MacOS,Reachable,True,SRS states Flutter/Dart client runs on macOS among supported platforms.,Dataset/G-R2A/s000010_87e6341f/checked_srs.md,Dataset/G-R2A/s000010_87e6341f/AD/ad.puml
143,s000074_70e7d7f5,32,Tengine Lite::Engine::CPU Backend,Tengine Lite::Runtime Optimize::SIMD,Unreachable,True,Tengine SRS does not mention SIMD optimization edge.,Dataset/G-R2A/s000074_70e7d7f5/checked_srs.md,Dataset/G-R2A/s000074_70e7d7f5/AD/ad.puml
144,s000074_70e7d7f5,7,Tengine Lite::Convert Tool::OneFlow,Tengine Lite::Serializer::OneFlow Serializer,Unreachable,True,Tengine SRS does not define OneFlow-specific serializer edge.,Dataset/G-R2A/s000074_70e7d7f5/checked_srs.md,Dataset/G-R2A/s000074_70e7d7f5/AD/ad.puml
145,s000351_ed818cab,0,Kangrand Distributed Pollard Kangaroo::Distributed Search Group A::Server\n-wsplit,Kangrand Distributed Pollard Kangaroo::Distributed Search Group A::Client A1,Reachable,True,SRS supports wsplit server coordinating distributed clients.,Dataset/G-R2A/s000351_ed818cab/checked_srs.md,Dataset/G-R2A/s000351_ed818cab/AD/ad.puml
146,s000068_a8b7a94e,4,Static and Quality Checks::Static Analysis,Reuse Workflows::cFS Reuse,Reachable,True,SRS describes reusable workflow relationships including static analysis and cFS reuse.,Dataset/G-R2A/s000068_a8b7a94e/checked_srs.md,Dataset/G-R2A/s000068_a8b7a94e/AD/ad.puml
147,s000072_b56aad92,22,"UCX::UCT Hardware Transports\nLow Level API::RDMA Verbs Transport\nInfiniBand, ROCE, OPA",UCX::UCT Hardware Transports\nLow Level API::DCT,Unreachable,True,UCX RDMA verbs to DCT internal transport relation is not in SRS.,Dataset/G-R2A/s000072_b56aad92/checked_srs.md,Dataset/G-R2A/s000072_b56aad92/AD/ad.puml
148,s000007_6883c7be,13,Proxy Layer::cgi_proxy 1::Plugin::Upload,Support Platform::Data Bank\nHDFS/Hbase/Druid,Unreachable,True,SRS does not link plugin upload to HDFS/HBase/Druid data bank.,Dataset/G-R2A/s000007_6883c7be/checked_srs.md,Dataset/G-R2A/s000007_6883c7be/AD/ad.puml
149,s000007_6883c7be,8,Proxy Layer::cgi_proxy 1::Global Limit,Support Platform::Redis Cache,Unreachable,True,SRS does not encode global-limit to Redis cache.,Dataset/G-R2A/s000007_6883c7be/checked_srs.md,Dataset/G-R2A/s000007_6883c7be/AD/ad.puml
150,s000075_7722edce,0,Statlord::Browser Editor\nLayout authoring,Statlord::Server::Python / Django API,Reachable,True,SRS supports browser editor communicating with Python/Django API.,Dataset/G-R2A/s000075_7722edce/checked_srs.md,Dataset/G-R2A/s000075_7722edce/AD/ad.puml
151,s000055_6ea7621c,5,BACKEND::algorithm,BACKEND::data.json,Reachable,True,SRS states autocomplete algorithm uses local JSON laureate data.,Dataset/G-R2A/s000055_6ea7621c/checked_srs.md,Dataset/G-R2A/s000055_6ea7621c/AD/ad.puml
152,s000058_3ebb884d,0,AWS Cloud\nAppian Source::VPC::Appian\nOracle DB,Global::VPC peering\nconnection,Partial,True,"SRS supports Appian-to-BigMAC transfer, but not Oracle DB/VPC peering topology.",Dataset/G-R2A/s000058_3ebb884d/checked_srs.md,Dataset/G-R2A/s000058_3ebb884d/AD/ad.puml
153,s000067_4d85c913,13,Main eBPF Program::Prog Maps\nhandler mappings,Event Handler eBPF Programs::Default Handler Probes,Reachable,True,SRS supports handler maps selecting default handler probes.,Dataset/G-R2A/s000067_4d85c913/checked_srs.md,Dataset/G-R2A/s000067_4d85c913/AD/ad.puml
154,s000055_6ea7621c,3,FRONTEND::XMLHttpRequest,BACKEND::Router,Partial,True,"SRS supports frontend HTTP requests routed by backend router, but not XMLHttpRequest as named source.",Dataset/G-R2A/s000055_6ea7621c/checked_srs.md,Dataset/G-R2A/s000055_6ea7621c/AD/ad.puml
155,s000040_337afcbb,2,Internal Network::PlugIt Proxy,Internal Network::PlugIt Service 2,Reachable,True,SRS states PlugIt Proxy communicates with PlugIt Services through the protocol.,Dataset/G-R2A/s000040_337afcbb/checked_srs.md,Dataset/G-R2A/s000040_337afcbb/AD/ad.puml
156,s000001_3c90b51c,8,Seat Allocation Configuration::TieBreaker,Seat Allocation Processor::Process,Reachable,True,SRS supports tie-breaker/configuration inputs to seat-allocation processing.,Dataset/G-R2A/s000001_3c90b51c/checked_srs.md,Dataset/G-R2A/s000001_3c90b51c/AD/ad.puml
157,s000071_902634c0,12,GPU / Kubernetes Workers\nOn Prem or Cloud::ClearML Agent\nService Pod,GPU / Kubernetes Workers\nOn Prem or Cloud::Pod Execution Environment\nand Docker User Code,Reachable,True,SRS supports ClearML agent service pod and Docker execution environment.,Dataset/G-R2A/s000071_902634c0/checked_srs.md,Dataset/G-R2A/s000071_902634c0/AD/ad.puml
158,s000062_ee8cb840,15,Udacity Self-Driving Car Capstone\nROS Architecture::Control::DBW Node\nDrive-by-wire,Udacity Self-Driving Car Capstone\nROS Architecture::Car / Simulator,Reachable,True,SRS describes DBW node output to car/simulator vehicle commands.,Dataset/G-R2A/s000062_ee8cb840/checked_srs.md,Dataset/G-R2A/s000062_ee8cb840/AD/ad.puml
159,s000037_396c6313,2,Global::plugin,Scan Targets::image,Reachable,True,SRS supports plugin/SDK scanner implementation for image scan targets.,Dataset/G-R2A/s000037_396c6313/checked_srs.md,Dataset/G-R2A/s000037_396c6313/AD/ad.puml
160,s000058_3ebb884d,6,AWS Cloud\nConnector Account::SNS Topic\nalerts,AWS Cloud\nConnector Account::Email notification,Partial,True,"SRS supports SNS subscription targets, but not Email as the concrete target.",Dataset/G-R2A/s000058_3ebb884d/checked_srs.md,Dataset/G-R2A/s000058_3ebb884d/AD/ad.puml
161,s000028_3e80e738,5,API Gateway Account::API Gateway,API Gateway Account::Cognito-authorizer::hello-function,Partial,True,"SRS supports API Gateway Cognito authorizer, but not hello-function specifically.",Dataset/G-R2A/s000028_3e80e738/checked_srs.md,Dataset/G-R2A/s000028_3e80e738/AD/ad.puml
162,s000064_6a496ab6,13,Backend::Microservices::Book Service,Backend::Microservices::Store Service,Partial,True,"SRS supports book and store/EC-site services, but not Book Service-to-Store Service edge.",Dataset/G-R2A/s000064_6a496ab6/checked_srs.md,Dataset/G-R2A/s000064_6a496ab6/AD/ad.puml
163,s000064_6a496ab6,10,Backend::BFF / API Gateway::Admin Console Gateway,Backend::Microservices::User Service,Reachable,True,SRS supports gateway/BFF access to user-management API/service.,Dataset/G-R2A/s000064_6a496ab6/checked_srs.md,Dataset/G-R2A/s000064_6a496ab6/AD/ad.puml
164,s000093_425295b3,3,Virtual Motion Tracker::VMT Manager\nC#,Global::OpenVR\nSteamVR Runtime,Partial,True,"SRS routes runtime integration through VMT Driver, not direct VMT Manager-to-OpenVR.",Dataset/G-R2A/s000093_425295b3/checked_srs.md,Dataset/G-R2A/s000093_425295b3/AD/ad.puml
165,s000001_3c90b51c,11,Global::Result,Global::CandidatesSeats,Reachable,True,SRS supports result/candidate-seat output from seat allocation.,Dataset/G-R2A/s000001_3c90b51c/checked_srs.md,Dataset/G-R2A/s000001_3c90b51c/AD/ad.puml
166,s000033_b99c1106,7,Docker Compose Environment::Cluster Manager\n(Spark Standalone,Docker Compose Environment::Spark Workers::Worker 3,Reachable,True,SRS states Spark master dispatches work to Spark workers.,Dataset/G-R2A/s000033_b99c1106/checked_srs.md,Dataset/G-R2A/s000033_b99c1106/AD/ad.puml
167,s000001_3c90b51c,6,Seat Allocation Configuration::Seat Allocation\nMethod,Seat Allocation Processor::Process,Reachable,True,SRS supports seat allocation method/configuration input to processing.,Dataset/G-R2A/s000001_3c90b51c/checked_srs.md,Dataset/G-R2A/s000001_3c90b51c/AD/ad.puml
168,s000353_eb501ff3,2,Turing System::Turing API Server\nHTTP REST API to configure Routers,Turing System::Database\nPersistent storage for Router objects,Unreachable,True,Turing SRS does not encode persistent database dependency.,Dataset/G-R2A/s000353_eb501ff3/checked_srs.md,Dataset/G-R2A/s000353_eb501ff3/AD/ad.puml
169,s000062_ee8cb840,11,Udacity Self-Driving Car Capstone\nROS Architecture::Perception::Traffic Light\nDetection Node,Udacity Self-Driving Car Capstone\nROS Architecture::Planning::Waypoint Updater Node\nROS Node,Reachable,True,SRS states traffic-light detection produces stop-related waypoint output for planning.,Dataset/G-R2A/s000062_ee8cb840/checked_srs.md,Dataset/G-R2A/s000062_ee8cb840/AD/ad.puml
170,s000072_b56aad92,20,"UCX::UCT Hardware Transports\nLow Level API::RDMA Verbs Transport\nInfiniBand, ROCE, OPA",UCX::UCT Hardware Transports\nLow Level API::RC,Unreachable,True,UCX RDMA verbs to RC internal transport relation is not in SRS.,Dataset/G-R2A/s000072_b56aad92/checked_srs.md,Dataset/G-R2A/s000072_b56aad92/AD/ad.puml
171,s000093_425295b3,0,Global::User Application,Virtual Motion Tracker::VMT Driver\nC++,Unreachable,True,"SRS states User Application sends input to VMT Manager, not directly to VMT Driver.",Dataset/G-R2A/s000093_425295b3/checked_srs.md,Dataset/G-R2A/s000093_425295b3/AD/ad.puml
172,s000024_99ab1380,8,Oracle Cloud Infrastructure (Region::VCN::Subnet 2\n(Public/Regional::Bastion\nHost,Oracle Cloud Infrastructure (Region::VCN::Subnet 5\n(Private/Regional::Agent Node\n(Fault Domain Y,Reachable,True,SRS supports bastion-mediated access to private Jenkins agent nodes.,Dataset/G-R2A/s000024_99ab1380/checked_srs.md,Dataset/G-R2A/s000024_99ab1380/AD/ad.puml
173,s000007_6883c7be,9,Proxy Layer::cgi_proxy 1::Login &\nPermission,Support Platform::User Center,Unreachable,True,SRS does not encode login/permission to user-center dependency.,Dataset/G-R2A/s000007_6883c7be/checked_srs.md,Dataset/G-R2A/s000007_6883c7be/AD/ad.puml
174,s000006_df2f83a2,6,Interaction Task::BaseTask,Interaction Task::Tracking,Partial,True,"SRS supports task extension points, but not BaseTask-to-Tracking specifically.",Dataset/G-R2A/s000006_df2f83a2/checked_srs.md,Dataset/G-R2A/s000006_df2f83a2/AD/ad.puml
175,s000008_a5828142,0,Global::Developer,Global::Frontend Repo,Unreachable,True,SRS does not encode developer-to-frontend-repository interaction.,Dataset/G-R2A/s000008_a5828142/checked_srs.md,Dataset/G-R2A/s000008_a5828142/AD/ad.puml
176,s000007_6883c7be,21,Global::Log consumer,Task Scheduler::Log Analysis,Unreachable,True,SRS does not encode log-consumer to log-analysis relation.,Dataset/G-R2A/s000007_6883c7be/checked_srs.md,Dataset/G-R2A/s000007_6883c7be/AD/ad.puml
177,s000024_99ab1380,0,Global::Internet,Oracle Cloud Infrastructure (Region::VCN::Internet\nGateway,Unreachable,True,OCI Jenkins SRS does not mention Internet Gateway as a required element.,Dataset/G-R2A/s000024_99ab1380/checked_srs.md,Dataset/G-R2A/s000024_99ab1380/AD/ad.puml
178,s000049_a71048ac,5,"Global::Scala Driver for Lucene\nAnalyzer, Word-counter, FST dictionary",Lucene Layer::Apache Lucene API,Reachable,True,SRS supports Scala interaction with Apache Lucene API/index data.,Dataset/G-R2A/s000049_a71048ac/checked_srs.md,Dataset/G-R2A/s000049_a71048ac/AD/ad.puml
179,s000064_6a496ab6,16,Backend::Microservices::Book Service,Backend::Database::RDB\n(MySQL,Reachable,True,SRS states book management data is stored in MySQL.,Dataset/G-R2A/s000064_6a496ab6/checked_srs.md,Dataset/G-R2A/s000064_6a496ab6/AD/ad.puml
180,s000025_9ba1413f,2,Frontend::Create task request,Middleware::Address-to-neighborhood\nsystem,Reachable,True,SRS states task requests pass from frontend/channel entry points to middleware.,Dataset/G-R2A/s000025_9ba1413f/checked_srs.md,Dataset/G-R2A/s000025_9ba1413f/AD/ad.puml
181,s000002_0f72cc9f,4,Global::<b>REDIS CACHE</b>,Global::<b><u>DATABASE</u></b>\n\n* MariaDB\n  * Users\n  * Likes\n  * Photos\n  * Comments,Partial,True,SRS contains Redis and database components but no cache-to-database direction edge.,Dataset/G-R2A/s000002_0f72cc9f/checked_srs.md,Dataset/G-R2A/s000002_0f72cc9f/AD/ad.puml
182,s000024_99ab1380,14,Oracle Cloud Infrastructure (Region::VCN::Subnet 5\n(Private/Regional::Agent Node\n(Fault Domain Y,Oracle Cloud Infrastructure (Region::VCN::NAT\nGateway,Reachable,True,SRS supports NAT-enabled outbound connectivity for private Jenkins agent subnets.,Dataset/G-R2A/s000024_99ab1380/checked_srs.md,Dataset/G-R2A/s000024_99ab1380/AD/ad.puml
183,s000047_f269f85a,1,Archifiltre::React.js,Archifiltre::Redux,Unreachable,True,Archifiltre SRS does not mention Redux.,Dataset/G-R2A/s000047_f269f85a/checked_srs.md,Dataset/G-R2A/s000047_f269f85a/AD/ad.puml
184,s000057_94d93adc,6,Global::React Frontend\n- Redux state management\n- uploads images and audio\n- controls and visualizes playback,Global::Express Server\n- fetches data with Sequelize\n- serves React frontend\n- handles backend API requests,Reachable,True,SRS supports React frontend calling Express backend over HTTP.,Dataset/G-R2A/s000057_94d93adc/checked_srs.md,Dataset/G-R2A/s000057_94d93adc/AD/ad.puml
185,s000006_df2f83a2,13,Perception::Modalities::Proprioception,Perception::BasicWithEEPos,Partial,True,"SRS supports proprioception modality, but not BasicWithEEPos as a specific component.",Dataset/G-R2A/s000006_df2f83a2/checked_srs.md,Dataset/G-R2A/s000006_df2f83a2/AD/ad.puml
186,s000072_b56aad92,27,UCX::UCT Hardware Transports\nLow Level API::Ethernet Transport\nTCP/IP Sockets,Drivers and Kernels::OS Kernel\nEthernet,Unreachable,True,UCX Ethernet-to-kernel internals are not encoded in SRS.,Dataset/G-R2A/s000072_b56aad92/checked_srs.md,Dataset/G-R2A/s000072_b56aad92/AD/ad.puml
187,s000353_eb501ff3,5,Turing System::Turing API Server\nHTTP REST API to configure Routers,Global::Secret Store,Unreachable,True,Turing SRS does not encode Secret Store dependency.,Dataset/G-R2A/s000353_eb501ff3/checked_srs.md,Dataset/G-R2A/s000353_eb501ff3/AD/ad.puml
188,s000095_d8954776,1,GPSLogger Android Application::User Interface::Main Activity,GPSLogger Android Application::User Interface::Detailed View,Partial,True,"SRS supports main activity/fragments/views, but not this direct detail-view edge.",Dataset/G-R2A/s000095_d8954776/checked_srs.md,Dataset/G-R2A/s000095_d8954776/AD/ad.puml
189,s000095_d8954776,7,GPSLogger Android Application::Event Bus,GPSLogger Android Application::User Interface::Other Fragments,Reachable,True,SRS states event-bus location events are consumed by fragments/components.,Dataset/G-R2A/s000095_d8954776/checked_srs.md,Dataset/G-R2A/s000095_d8954776/AD/ad.puml
190,s000071_902634c0,8,GPU / Kubernetes Workers\nOn Prem or Cloud::Kubernetes Glue,ClearML Server::ML Ops::Execution Queue,Reachable,True,SRS states Kubernetes Glue pulls jobs from the ClearML execution queue.,Dataset/G-R2A/s000071_902634c0/checked_srs.md,Dataset/G-R2A/s000071_902634c0/AD/ad.puml
191,s000024_99ab1380,7,Oracle Cloud Infrastructure (Region::VCN::Subnet 2\n(Public/Regional::Bastion\nHost,Oracle Cloud Infrastructure (Region::VCN::Subnet 4\n(Private/Regional::Agent Node\n(Fault Domain X,Reachable,True,SRS supports bastion-mediated access to private Jenkins agent nodes.,Dataset/G-R2A/s000024_99ab1380/checked_srs.md,Dataset/G-R2A/s000024_99ab1380/AD/ad.puml
192,s000008_a5828142,2,Frontend Repo::CI/CD Workflow,Static Asset Delivery::Storage\nS3 bucket,Partial,True,"SRS supports object storage/CDN deployment endpoints, but not CI/CD workflow to S3 bucket.",Dataset/G-R2A/s000008_a5828142/checked_srs.md,Dataset/G-R2A/s000008_a5828142/AD/ad.puml
193,s000353_eb501ff3,10,Turing System::Turing API Server\nHTTP REST API to configure Routers,Global::Monitoring and Alerting Service,Partial,True,"SRS supports observability/tracing, but not a monitoring-and-alerting service dependency.",Dataset/G-R2A/s000353_eb501ff3/checked_srs.md,Dataset/G-R2A/s000353_eb501ff3/AD/ad.puml
194,s000074_70e7d7f5,2,Tengine Lite::Convert Tool::PyTorch / ONNX,Tengine Lite::Serializer::ONNX Serializer,Unreachable,True,Tengine SRS does not define PyTorch/ONNX to ONNX Serializer edge.,Dataset/G-R2A/s000074_70e7d7f5/checked_srs.md,Dataset/G-R2A/s000074_70e7d7f5/AD/ad.puml
195,s000072_b56aad92,28,UCX::UCM Memory Services::Memory Hooks,Drivers and Kernels::OS Kernel\nMemory Hooks,Unreachable,True,SRS does not encode UCX memory-hooks to OS-kernel memory-hooks relation.,Dataset/G-R2A/s000072_b56aad92/checked_srs.md,Dataset/G-R2A/s000072_b56aad92/AD/ad.puml
196,s000025_9ba1413f,4,Middleware::Service-area\nEligibility Check,Backend::Create\nTask,Reachable,True,SRS states eligible service-area requests are passed to backend task creation.,Dataset/G-R2A/s000025_9ba1413f/checked_srs.md,Dataset/G-R2A/s000025_9ba1413f/AD/ad.puml
197,s000071_902634c0,4,ClearML Server::Backend Service API,ClearML Server::Experiment Manager::Collaboration,Partial,True,"SRS says ClearML Server provides collaboration/management capabilities, but not Backend API-to-Collaboration edge.",Dataset/G-R2A/s000071_902634c0/checked_srs.md,Dataset/G-R2A/s000071_902634c0/AD/ad.puml
198,s000057_94d93adc,7,Global::Express Server\n- fetches data with Sequelize\n- serves React frontend\n- handles backend API requests,Global::PostgreSQL Database\n- stores users and sounds\n- stores Cloudinary URL references,Reachable,True,SRS states Express backend persists application records and Cloudinary URL references in PostgreSQL.,Dataset/G-R2A/s000057_94d93adc/checked_srs.md,Dataset/G-R2A/s000057_94d93adc/AD/ad.puml
199,s000054_5d13634b,0,TokenCard Contracts\nHigh Level Architecture::Proxy.sol,TokenCard Contracts\nHigh Level Architecture::Consumer Contract Wallet v3.3.1\nLibrary Contract\nwallet.sol,Partial,True,SRS centers on Consumer Contract Wallet; Proxy.sol file-level edge is not specified.,Dataset/G-R2A/s000054_5d13634b/checked_srs.md,Dataset/G-R2A/s000054_5d13634b/AD/ad.puml
200,s000057_94d93adc,0,Global::Express Server\n- fetches data with Sequelize\n- serves React frontend\n- handles backend API requests,Global::PostgreSQL Database\n- stores users and sounds\n- stores Cloudinary URL references,Reachable,True,SRS states Express backend persists application records and Cloudinary URL references in PostgreSQL.,Dataset/G-R2A/s000057_94d93adc/checked_srs.md,Dataset/G-R2A/s000057_94d93adc/AD/ad.puml
201,s000071_902634c0,9,GPU / Kubernetes Workers\nOn Prem or Cloud::Kubernetes Glue,GPU / Kubernetes Workers\nOn Prem or Cloud::YAML Job Template,Reachable,True,SRS states Kubernetes Glue prepares jobs from a provided YAML template.,Dataset/G-R2A/s000071_902634c0/checked_srs.md,Dataset/G-R2A/s000071_902634c0/AD/ad.puml
202,s000001_3c90b51c,5,Seat Allocation Configuration::Parameters,Seat Allocation Processor::Filter,Reachable,True,SRS supports seat-allocation parameters as input to filtering.,Dataset/G-R2A/s000001_3c90b51c/checked_srs.md,Dataset/G-R2A/s000001_3c90b51c/AD/ad.puml
203,s000024_99ab1380,15,Oracle Cloud Infrastructure (Region::VCN::NAT\nGateway,Global::Internet,Reachable,True,SRS supports NAT-enabled outbound connectivity to external network/Internet.,Dataset/G-R2A/s000024_99ab1380/checked_srs.md,Dataset/G-R2A/s000024_99ab1380/AD/ad.puml
204,s000054_5d13634b,3,TokenCard Contracts\nHigh Level Architecture::Consumer Contract Wallet v3.3.1\nLibrary Contract\nwallet.sol,TokenCard Contracts\nHigh Level Architecture::oracle.sol,Partial,True,"SRS supports wallet interaction with oracle/licence-related contracts, but not wallet.sol-to-oracle.sol file edge.",Dataset/G-R2A/s000054_5d13634b/checked_srs.md,Dataset/G-R2A/s000054_5d13634b/AD/ad.puml
205,s000095_d8954776,5,GPSLogger Android Application::Event Bus,GPSLogger Android Application::User Interface::Simple View,Partial,True,"SRS says fragments consume event-bus events, but not Simple View specifically.",Dataset/G-R2A/s000095_d8954776/checked_srs.md,Dataset/G-R2A/s000095_d8954776/AD/ad.puml
206,s000091_f459979d,2,LwM2M Blockchain Platform::External Applications\nusing LwM2M,LwM2M Blockchain Platform::Management Web UI,Partial,True,"SRS includes management UI and external applications, but not their direct edge.",Dataset/G-R2A/s000091_f459979d/checked_srs.md,Dataset/G-R2A/s000091_f459979d/AD/ad.puml
207,s000024_99ab1380,4,Oracle Cloud Infrastructure (Region::VCN::Subnet 1\n(Public/Regional::Load Balancer\n(primary,Oracle Cloud Infrastructure (Region::VCN::Subnet 3\n(Private/Regional::Jenkins\nController,Reachable,True,SRS supports load-balanced public access to Jenkins service/controller.,Dataset/G-R2A/s000024_99ab1380/checked_srs.md,Dataset/G-R2A/s000024_99ab1380/AD/ad.puml
208,s000072_b56aad92,10,UCX::UCP Protocols\nHigh Level API::Task Based API\nActive Messages,UCX::UCP Protocols\nHigh Level API::Transport Selection,Unreachable,True,UCX active-message to transport-selection internals are not in SRS.,Dataset/G-R2A/s000072_b56aad92/checked_srs.md,Dataset/G-R2A/s000072_b56aad92/AD/ad.puml
209,s000003_e847b2a1,3,Global::Frontend,aeternity blockchain::PredictionCards\nSmart Contract,Reachable,True,SRS supports frontend-to-PredictionCards smart-contract interactions.,Dataset/G-R2A/s000003_e847b2a1/checked_srs.md,Dataset/G-R2A/s000003_e847b2a1/AD/ad.puml
210,s000075_7722edce,12,"Statlord::Displays\nOLED, e-paper, LCD, browser",Statlord::Server::Display Resource\nresolution and state,Reachable,True,SRS supports displays using server-side display resources/resolution/state.,Dataset/G-R2A/s000075_7722edce/checked_srs.md,Dataset/G-R2A/s000075_7722edce/AD/ad.puml
211,s000075_7722edce,6,"Statlord::Server::Gauge Resource\nkey, value",Statlord::Server::PostgreSQL\npersistent models,Reachable,True,SRS states Gauge entities/resources are persisted server-side in PostgreSQL.,Dataset/G-R2A/s000075_7722edce/checked_srs.md,Dataset/G-R2A/s000075_7722edce/AD/ad.puml
212,s000066_a314f8cb,8,Browser Clients::Client Browser\nPlayer 3,"Static Web Tier::Web Server\nGame assets, HTML, CSS, JS",Reachable,True,SRS supports browser clients retrieving static web assets from the web tier.,Dataset/G-R2A/s000066_a314f8cb/checked_srs.md,Dataset/G-R2A/s000066_a314f8cb/AD/ad.puml
213,s000351_ed818cab,19,Kangrand Distributed Pollard Kangaroo::Distributed Search Group A::Result.txt A,Kangrand Distributed Pollard Kangaroo::Merger,Reachable,True,SRS supports result files being merged offline.,Dataset/G-R2A/s000351_ed818cab/checked_srs.md,Dataset/G-R2A/s000351_ed818cab/AD/ad.puml
214,s000020_3582f816,10,安全::API Access,数据分析服务::API,Partial,True,"SRS supports Admin API access, but not Security::API Access to data-analysis API.",Dataset/G-R2A/s000020_3582f816/checked_srs.md,Dataset/G-R2A/s000020_3582f816/AD/ad.puml
215,s000032_0a49a326,8,Activiti Cloud Infrastructure::Activiti Cloud Application::Audit\nService,Activiti Cloud Infrastructure::Activiti Cloud Application::Runtime Bundle,Reachable,True,SRS states Audit Service exposes events for process instances hosted by Runtime Bundle.,Dataset/G-R2A/s000032_0a49a326/checked_srs.md,Dataset/G-R2A/s000032_0a49a326/AD/ad.puml
216,s000067_4d85c913,11,Main eBPF Program::Prog Map\npid to fd,Event Handler eBPF Programs::Handler Probe\nhandle_syscall_write,Partial,True,"SRS supports program maps selecting handler probes, but not the specific handle_syscall_write edge.",Dataset/G-R2A/s000067_4d85c913/checked_srs.md,Dataset/G-R2A/s000067_4d85c913/AD/ad.puml
217,s000072_b56aad92,13,UCX::UCP Protocols\nHigh Level API::Cross-Transport Multi-Rail,UCX::UCP Protocols\nHigh Level API::Fragmentation,Unreachable,True,UCX multi-rail-to-fragmentation internal relation is not in SRS.,Dataset/G-R2A/s000072_b56aad92/checked_srs.md,Dataset/G-R2A/s000072_b56aad92/AD/ad.puml
218,s000351_ed818cab,7,Kangrand Distributed Pollard Kangaroo::Distributed Search Group A::Server\n-wsplit,Kangrand Distributed Pollard Kangaroo::Distributed Search Group A::Result.txt A,Reachable,True,SRS states distributed execution may produce result files and server-side artifacts.,Dataset/G-R2A/s000351_ed818cab/checked_srs.md,Dataset/G-R2A/s000351_ed818cab/AD/ad.puml
219,s000061_2eb4d99c,12,AWS IoT Device Simulator::AWS CloudFormation\nCustom resources,AWS IoT Device Simulator::Amazon S3\nWeb UI bucket,Partial,True,"SRS supports CloudFormation custom-resource processing and S3 route loading, but not Web UI bucket edge.",Dataset/G-R2A/s000061_2eb4d99c/checked_srs.md,Dataset/G-R2A/s000061_2eb4d99c/AD/ad.puml
220,s000032_0a49a326,10,Activiti Cloud Infrastructure::Activiti Cloud Application::Cloud Connectors,Activiti Cloud Infrastructure::Activiti Cloud Application::Runtime Bundle,Unreachable,True,SRS treats Cloud Connectors as background unless requirements assign behavior.,Dataset/G-R2A/s000032_0a49a326/checked_srs.md,Dataset/G-R2A/s000032_0a49a326/AD/ad.puml
221,s000009_ff7318d0,14,Standing Service::standing\nLambda,Standing Service::DynamoDB\nStandings,Partial,True,"SRS supports Lambda/API and DynamoDB standings data, but not standing Lambda-to-table edge.",Dataset/G-R2A/s000009_ff7318d0/checked_srs.md,Dataset/G-R2A/s000009_ff7318d0/AD/ad.puml
222,s000072_b56aad92,9,"UCX::UCP Protocols\nHigh Level API::PGAS API\nRMAs, Atomics",UCX::UCP Protocols\nHigh Level API::Transport Selection,Unreachable,True,UCX PGAS/RMA to transport-selection internals are not in SRS.,Dataset/G-R2A/s000072_b56aad92/checked_srs.md,Dataset/G-R2A/s000072_b56aad92/AD/ad.puml
223,s000353_eb501ff3,13,Kubernetes Cluster::Istio,Global::Router Endpoints,Unreachable,True,Turing SRS mentions Kubernetes deployment but not Istio-to-router-endpoints relation.,Dataset/G-R2A/s000353_eb501ff3/checked_srs.md,Dataset/G-R2A/s000353_eb501ff3/AD/ad.puml
224,s000064_6a496ab6,14,Backend::Microservices::Auth API,Backend::External APIs::Firebase\nAuthentication,Reachable,True,SRS states Auth API uses Firebase Authentication.,Dataset/G-R2A/s000064_6a496ab6/checked_srs.md,Dataset/G-R2A/s000064_6a496ab6/AD/ad.puml
225,s000020_3582f816,12,数据采集服务::Kafka,容器化服务器集群::Kafka Broker,Unreachable,True,MyEMS SRS does not encode Kafka-to-broker architecture.,Dataset/G-R2A/s000020_3582f816/checked_srs.md,Dataset/G-R2A/s000020_3582f816/AD/ad.puml
226,s000067_4d85c913,18,Event Handler eBPF Programs::Process Specific\nHandler Probes,Global::Perf Event Map\nshared event map,Reachable,True,SRS states process-specific handler probes emit through perf-based event channel/map.,Dataset/G-R2A/s000067_4d85c913/checked_srs.md,Dataset/G-R2A/s000067_4d85c913/AD/ad.puml
227,s000074_70e7d7f5,9,Tengine Lite::Convert Tool::Others,Tengine Lite::Serializer::Others Serializer,Unreachable,True,Tengine SRS does not define Others-specific serializer edge.,Dataset/G-R2A/s000074_70e7d7f5/checked_srs.md,Dataset/G-R2A/s000074_70e7d7f5/AD/ad.puml
228,s000034_43fffc9f,12,Task Queue (in detail::B1,Task Queue (in detail::B2,Partial,True,"SRS supports task-queue detail generally, but not B1-to-B2 edge.",Dataset/G-R2A/s000034_43fffc9f/checked_srs.md,Dataset/G-R2A/s000034_43fffc9f/AD/ad.puml
229,s000071_902634c0,2,ClearML Server::Backend Service API,ClearML Server::Experiment Manager::Versioning,Partial,True,"SRS supports backend service interfaces/versioned services, but not direct API-to-Versioning edge.",Dataset/G-R2A/s000071_902634c0/checked_srs.md,Dataset/G-R2A/s000071_902634c0/AD/ad.puml
230,s000074_70e7d7f5,25,Tengine Lite::Engine::Exec Scheduler,Tengine Lite::Engine::Low Bit Quantize,Unreachable,True,Tengine SRS does not mention low-bit quantization scheduler relation.,Dataset/G-R2A/s000074_70e7d7f5/checked_srs.md,Dataset/G-R2A/s000074_70e7d7f5/AD/ad.puml
231,s000007_6883c7be,10,Proxy Layer::cgi_proxy 1::Login &\nPermission,Support Platform::Permission\nCenter,Unreachable,True,SRS does not encode login/permission to permission-center dependency.,Dataset/G-R2A/s000007_6883c7be/checked_srs.md,Dataset/G-R2A/s000007_6883c7be/AD/ad.puml
232,s000009_ff7318d0,26,Prediction Service::SageMaker,Prediction Service::DynamoDB\nPredictions,Partial,True,"SRS supports SageMaker prediction and DynamoDB storage, but not SageMaker-to-prediction-table edge.",Dataset/G-R2A/s000009_ff7318d0/checked_srs.md,Dataset/G-R2A/s000009_ff7318d0/AD/ad.puml
233,s000008_a5828142,8,Application Runtime::Reverse Proxy::Express,Application Runtime::Database::Redis,Reachable,True,SRS states backend uses Redis for live workspace and battle coordination.,Dataset/G-R2A/s000008_a5828142/checked_srs.md,Dataset/G-R2A/s000008_a5828142/AD/ad.puml
