sample_id,repository_name,image_url,downloadable_url,local_image_path,retrieval_strategy,total_score,effective_doc_score,doc_diversity_score,requirement_relevance_score,temporal_consistency_score,traceability_score,prd_srs_convertibility_score,effective_token_count,document_count,document_type_coverage,covered_categories,source_ref,view_date,time_resolution_status,document_fetch_status,image_download_status,notes
s000097_d7ed0eae,JessNah/BeeGreen,https://github.com/JessNah/BeeGreen/blob/main/Doc/Images/Architecture.png,https://github.com/JessNah/BeeGreen/blob/main/Doc/Images/Architecture.png?raw=true,outputs\benchmark_scoring\images\s000097_d7ed0eae\target_view.png,hybrid,100,15,15,25,15,15,15,36307,40,code_api_route|code_cli|readme|schema_model|test,api_io|constraints|deployment|functionality|non_functional|user_scenario,37d91484aea8012b09e72db9935fe692a8a0b348,2021-06-18 20:02:46,resolved_before_view,ok,cached,
s000091_f459979d,ertis-research/lwm2m-blockchain,https://github.com/ertis-research/lwm2m-blockchain/blob/master/images/architecture.png,https://github.com/ertis-research/lwm2m-blockchain/blob/master/images/architecture.png?raw=true,outputs\benchmark_scoring\images\s000091_f459979d\target_view.png,hybrid,100,15,15,25,15,15,15,14675,40,code_api_route|code_cli|config|readme|schema_model|test,api_io|constraints|deployment|functionality|non_functional|user_scenario,caea581a21ac705c945540d1e54658b0bf82ecab,2020-07-23 11:39:02,resolved_before_view,ok,cached,
s000072_b56aad92,ParaStation/psmpi,https://github.com/ParaStation/psmpi/blob/master/mpich2/modules/ucx/docs/doxygen/Architecture.png,https://github.com/ParaStation/psmpi/blob/master/mpich2/modules/ucx/docs/doxygen/Architecture.png?raw=true,outputs\benchmark_scoring\images\s000072_b56aad92\target_view.png,hybrid,100,15,15,25,15,15,15,33582,40,docs|readme|requirements_like,api_io|constraints|deployment|functionality|non_functional|user_scenario,48893b32e1f1753cbc49d90282368c0c6727b018,2021-02-09 08:08:08,resolved_before_view,ok,cached,
s000071_902634c0,allegroai/clearml-agent,https://github.com/allegroai/clearml-agent/blob/master/docs/clearml_architecture.png,https://github.com/allegroai/clearml-agent/blob/master/docs/clearml_architecture.png?raw=true,outputs\benchmark_scoring\images\s000071_902634c0\target_view.png,hybrid,100,15,15,25,15,15,15,142458,40,code_api_route|deployment_config|readme|requirements_like|test,api_io|constraints|deployment|functionality|non_functional|user_scenario,27cf7dd67f8c6f17aedf02fde961cd4066af524b,2021-06-29 04:58:29,resolved_before_view,ok,cached,
s000063_a02034f6,teamgram/teamgram-server,https://github.com/teamgram/teamgram-server/blob/master/docs/image/architecture-001.png,https://github.com/teamgram/teamgram-server/blob/master/docs/image/architecture-001.png?raw=true,outputs\benchmark_scoring\images\s000063_a02034f6\target_view.png,hybrid,100,15,15,25,15,15,15,30054,40,code_api_route|config|docs|readme|test,api_io|constraints|deployment|functionality|non_functional|user_scenario,1d437a5dace319a50c051c025cc953b18d3d3a5e,2022-03-10 03:19:57,resolved_before_view,ok,cached,
s000062_ee8cb840,KuangRD/Autonomous-Driving,https://github.com/KuangRD/Autonomous-Driving/blob/master/Self-DrivingCarND/Projects/Term3/CarND-Capstone/doc/architecture/architecture.png,https://github.com/KuangRD/Autonomous-Driving/blob/master/Self-DrivingCarND/Projects/Term3/CarND-Capstone/doc/architecture/architecture.png?raw=true,outputs\benchmark_scoring\images\s000062_ee8cb840\target_view.png,hybrid,100,15,15,25,15,15,15,41055,40,docs|readme|requirements_like,api_io|constraints|deployment|functionality|non_functional|user_scenario,01c3dbd42c52edf3cbca56f724fdf1e48abf2908,2019-04-21 12:32:53,resolved_before_view,ok,cached,
s000058_3ebb884d,Enterprise-CMCS/macpro-appian-connector,https://github.com/Enterprise-CMCS/macpro-appian-connector/blob/master/docs/assets/architecture.png,https://github.com/Enterprise-CMCS/macpro-appian-connector/blob/master/docs/assets/architecture.png?raw=true,,hybrid,100,15,15,25,15,15,15,9198,40,code_api_route|config|deployment_config|docs|readme|test|tutorial_guide,api_io|constraints|deployment|functionality|non_functional|user_scenario,6f5047f26d6ee51450baa17a614ac671cb3a7224,2023-01-30 16:36:25,resolved_before_view,ok,failed,
s000056_78d18331,kubescape/host-scanner,https://github.com/kubescape/host-scanner/blob/master/docs/e2e-test-architecture.png,https://github.com/kubescape/host-scanner/blob/master/docs/e2e-test-architecture.png?raw=true,outputs\benchmark_scoring\images\s000056_78d18331\target_view.png,hybrid,100,15,15,25,15,15,15,10926,40,code_api_route|readme|test,api_io|constraints|deployment|functionality|non_functional|user_scenario,7096303f0cd65f72eeca2ff856ff4a320332639b,2023-05-25 12:57:07,resolved_before_view,ok,cached,
s000054_5d13634b,tokencard/contracts,https://github.com/tokencard/contracts/blob/master/docs/high_level_architecture.svg,https://github.com/tokencard/contracts/blob/master/docs/high_level_architecture.svg?raw=true,outputs\benchmark_scoring\images\s000054_5d13634b\target_view.svg,hybrid,100,15,15,25,15,15,15,67386,40,code_api_route|code_cli|readme|test,api_io|constraints|deployment|functionality|non_functional|user_scenario,bc0f072277770488e2c428c255785b186bd73589,2019-05-08 15:02:06,resolved_before_view,ok,cached,
s000053_ec192d86,openshift/configuration-anomaly-detection,https://github.com/openshift/configuration-anomaly-detection/blob/main/images/cad_overview/cad_architecture_dark.png,https://github.com/openshift/configuration-anomaly-detection/blob/main/images/cad_overview/cad_architecture_dark.png?raw=true,outputs\benchmark_scoring\images\s000053_ec192d86\target_view.png,hybrid,100,15,15,25,15,15,15,11862,40,code_cli|config|deployment_config|readme|test,api_io|constraints|deployment|functionality|non_functional|user_scenario,01e82afac8f664079b11a2e96569c55a7615ed2e,2023-02-15 12:40:15,resolved_before_view,ok,cached,
s000049_a71048ac,NLP4L/attic-nlp4l,https://github.com/NLP4L/attic-nlp4l/blob/master/nlp4l-architecture-20150619.png,https://github.com/NLP4L/attic-nlp4l/blob/master/nlp4l-architecture-20150619.png?raw=true,outputs\benchmark_scoring\images\s000049_a71048ac\target_view.png,hybrid,100,15,15,25,15,15,15,26404,40,docs|readme|schema_model|test|tutorial_guide,api_io|constraints|deployment|functionality|non_functional|user_scenario,26890e655f93e2486a51f0b033074e83951351c3,2015-06-19 03:37:55,resolved_before_view,ok,cached,
s000047_f269f85a,SocialGouv/archifiltre-docs,https://github.com/SocialGouv/archifiltre-docs/blob/dev/docs/architecture.png,https://github.com/SocialGouv/archifiltre-docs/blob/dev/docs/architecture.png?raw=true,outputs\benchmark_scoring\images\s000047_f269f85a\target_view.png,hybrid,100,15,15,25,15,15,15,13006,40,code_api_route|code_cli|readme|test,api_io|constraints|deployment|functionality|non_functional|user_scenario,a93230c0fa557fc0652703bdf2d105788b453aa8,2020-11-04 16:27:09,resolved_before_view,ok,cached,
s000038_2c7731fc,IceFireDB/IceFireDB,https://github.com/IceFireDB/IceFireDB/blob/main/imgs/Application_architecture_based_on_IceFireDB.png,https://github.com/IceFireDB/IceFireDB/blob/main/imgs/Application_architecture_based_on_IceFireDB.png?raw=true,outputs\benchmark_scoring\images\s000038_2c7731fc\target_view.png,hybrid,100,15,15,25,15,15,15,21013,40,code_api_route|code_cli|readme|test,api_io|constraints|deployment|functionality|non_functional|user_scenario,80a568fdb7f7cbde63084e9d74bcf617830a747e,2023-09-04 13:42:23,resolved_before_view,ok,cached,
s000037_396c6313,chaitin/veinmind-tools,https://github.com/chaitin/veinmind-tools/blob/master/docs/architecture.png,https://github.com/chaitin/veinmind-tools/blob/master/docs/architecture.png?raw=true,outputs\benchmark_scoring\images\s000037_396c6313\target_view.png,hybrid,100,15,15,25,15,15,15,12453,40,code_api_route|code_cli|deployment_config|readme|requirements_like|schema_model,api_io|constraints|deployment|functionality|non_functional|user_scenario,baa3a04d1e5d2e0f4b85a97611c8dfe53fb7167f,2022-11-18 06:45:11,resolved_before_view,ok,cached,
s000033_b99c1106,cordon-thiago/airflow-spark,https://github.com/cordon-thiago/airflow-spark/blob/master/doc/architecture.png,https://github.com/cordon-thiago/airflow-spark/blob/master/doc/architecture.png?raw=true,outputs\benchmark_scoring\images\s000033_b99c1106\target_view.png,hybrid,100,15,15,25,15,15,15,19837,40,deployment_config|docs|readme|requirements_like|test,api_io|constraints|deployment|functionality|non_functional|user_scenario,a8533d1aa50d74db29c0edf9cfa692fcd256f5bf,2020-05-01 15:35:43,resolved_before_view,ok,cached,
s000020_3582f816,MyEMS/myems,https://github.com/MyEMS/myems/blob/master/docs/images/architecture-function-view-cn.png,https://github.com/MyEMS/myems/blob/master/docs/images/architecture-function-view-cn.png?raw=true,outputs\benchmark_scoring\images\s000020_3582f816\target_view.png,hybrid,100,15,15,25,15,15,15,12823,40,code_api_route|docs|readme|requirements_like|tutorial_guide,api_io|constraints|deployment|functionality|non_functional|user_scenario,ac856ead88566ccd9e5812c301462c43c7bbd2d8,2023-02-23 03:39:40,resolved_before_view,ok,cached,
s000010_87e6341f,sm2774us/full_stack_interview_prep_2021,https://github.com/sm2774us/full_stack_interview_prep_2021/blob/main/full_stack/Flutter-Dart-app-and-gRPC-go-server-on-Azure-Kubernetes-Service/assets/architecture-diagram.png,https://github.com/sm2774us/full_stack_interview_prep_2021/blob/main/full_stack/Flutter-Dart-app-and-gRPC-go-server-on-Azure-Kubernetes-Service/assets/architecture-diagram.png?raw=true,outputs\benchmark_scoring\images\s000010_87e6341f\target_view.png,hybrid,100,15,15,25,15,15,15,44295,40,readme,api_io|constraints|deployment|functionality|non_functional|user_scenario,3dcc2e6fb6c9998a0b458bfc1bb16c7aaa6c61e7,2021-07-28 04:34:22,resolved_before_view,ok,cached,
s000004_241f0bcc,bcgov/embc-ess,https://github.com/bcgov/embc-ess/blob/r1develop/architecture-diagram.png,https://github.com/bcgov/embc-ess/blob/r1develop/architecture-diagram.png?raw=true,outputs\benchmark_scoring\images\s000004_241f0bcc\target_view.png,hybrid,100,15,15,25,15,15,15,9585,40,code_cli|readme,api_io|constraints|deployment|functionality|non_functional|user_scenario,19d9e1c803e5ba2a7fed5ca53f8a44c16d717d25,2019-07-05 22:37:20,resolved_before_view,ok,cached,
s000061_2eb4d99c,aws-solutions/iot-device-simulator,https://github.com/aws-solutions/iot-device-simulator/blob/main/architecture.png,https://github.com/aws-solutions/iot-device-simulator/blob/main/architecture.png?raw=true,outputs\benchmark_scoring\images\s000061_2eb4d99c\target_view.png,hybrid,100,15,15,25,15,15,15,186826,38,code_api_route|config|readme|release_notes|schema_model|test,api_io|constraints|deployment|functionality|non_functional|user_scenario,6ee7b0261b9ba2a045f533e54be603d3af939e9b,2021-11-22 21:53:37,resolved_before_view,ok,cached,
s000008_a5828142,domingo1021/Bunny-code,https://github.com/domingo1021/Bunny-code/blob/main/Archives/System_architecture.png,https://github.com/domingo1021/Bunny-code/blob/main/Archives/System_architecture.png?raw=true,outputs\benchmark_scoring\images\s000008_a5828142\target_view.png,hybrid,100,15,15,25,15,15,15,29521,38,code_api_route|deployment_config|readme|schema_model|test,api_io|constraints|deployment|functionality|non_functional|user_scenario,931e3b780b390e26f32259cbfda3a7b5b565a59e,2022-10-14 08:35:28,resolved_before_view,ok,cached,
s000032_0a49a326,Activiti/activiti-7-developers-guide,https://github.com/Activiti/activiti-7-developers-guide/blob/master/.gitbook/assets/activiti-cloud-architecture.png,https://github.com/Activiti/activiti-7-developers-guide/blob/master/.gitbook/assets/activiti-cloud-architecture.png?raw=true,outputs\benchmark_scoring\images\s000032_0a49a326\target_view.png,hybrid,100,15,15,25,15,15,15,16186,31,deployment_config|readme|release_notes|tutorial_guide,api_io|constraints|deployment|functionality|non_functional|user_scenario,a500e1f1b3a6786ef017d510fdba4728e045c712,2019-03-14 12:06:32,resolved_before_view,ok,cached,
s000075_7722edce,de1ux/statlord,https://github.com/de1ux/statlord/blob/master/docs/architecture.png,https://github.com/de1ux/statlord/blob/master/docs/architecture.png?raw=true,outputs\benchmark_scoring\images\s000075_7722edce\target_view.png,hybrid,100,15,15,25,15,15,15,18890,25,code_cli|deployment_config|readme|requirements_like|schema_model,api_io|constraints|deployment|functionality|non_functional|user_scenario,2677633e86fa623224308bf35c4a3153c95c0030,2020-10-10 17:52:26,resolved_before_view,ok,cached,
s000028_3e80e738,pagopa/pn-infra,https://github.com/pagopa/pn-infra/blob/develop/scripts/rest-api-cognito/architecture-cognito.png,https://github.com/pagopa/pn-infra/blob/develop/scripts/rest-api-cognito/architecture-cognito.png?raw=true,outputs\benchmark_scoring\images\s000028_3e80e738\target_view.png,hybrid,100,15,15,25,15,15,15,9234,19,code_api_route|deployment_config|readme,api_io|constraints|deployment|functionality|non_functional|user_scenario,3898c35e634efe1527655e90a586ee6247de24f4,2022-11-28 07:07:49,resolved_before_view,ok,cached,
s000050_275af3e0,SafeBreach-Labs/hAFL2,https://github.com/SafeBreach-Labs/hAFL2/blob/main/images/Architecture.png,https://github.com/SafeBreach-Labs/hAFL2/blob/main/images/Architecture.png?raw=true,outputs\benchmark_scoring\images\s000050_275af3e0\target_view.png,hybrid,100,15,15,25,15,15,15,11702,18,code_api_route|config|readme|test|tutorial_guide,api_io|constraints|deployment|functionality|non_functional|user_scenario,64e1bfab4a63a3515fcbbbfce2a5837a2c71bafa,2021-07-16 18:22:31,resolved_before_view,ok,cached,
s000093_425295b3,gpsnmeajp/VirtualMotionTracker,https://github.com/gpsnmeajp/VirtualMotionTracker/blob/master/doc/Architecture.png,https://github.com/gpsnmeajp/VirtualMotionTracker/blob/master/doc/Architecture.png?raw=true,,hybrid,100,15,15,25,15,15,15,42846,11,code_api_route|readme|test,api_io|constraints|deployment|functionality|non_functional|user_scenario,f0210012a9772dc0cf324cccac6596e3658d573d,2020-06-21 02:53:03,resolved_before_view,ok,failed,
s000074_70e7d7f5,OAID/Tengine,https://github.com/OAID/Tengine/blob/tengine-lite/doc/docs_en/images/architecture.png,https://github.com/OAID/Tengine/blob/tengine-lite/doc/docs_en/images/architecture.png?raw=true,outputs\benchmark_scoring\images\s000074_70e7d7f5\target_view.png,hybrid,97,15,12,25,15,15,15,15707,40,docs|readme|requirements_like|tutorial_guide,api_io|constraints|deployment|functionality|user_scenario,2375c98f6ad2cd45d65364efe5ac7538425da7d5,2021-08-06 00:39:53,resolved_before_view,ok,cached,
s000353_eb501ff3,caraml-dev/turing,https://github.com/caraml-dev/turing/blob/main/docs/assets/turing_architecture.png,https://github.com/caraml-dev/turing/blob/main/docs/assets/turing_architecture.png?raw=true,outputs\benchmark_scoring\images\s000353_eb501ff3\target_view.png,hybrid,96,15,15,25,11,15,15,16048,40,code_api_route|readme|requirements_like,api_io|constraints|deployment|functionality|non_functional|user_scenario,22d15b1895af3c813fb7c2490f68158670108d8c,2020-09-15 04:28:39,row_sha_with_view_date,ok,cached,
s000060_935731a2,lowes/auditor,https://github.com/lowes/auditor/blob/main/docs/auditor-v1-architecture.png,https://github.com/lowes/auditor/blob/main/docs/auditor-v1-architecture.png?raw=true,outputs\benchmark_scoring\images\s000060_935731a2\target_view.png,hybrid,96,15,15,25,11,15,15,11057,40,code_api_route|code_cli|readme|test,api_io|constraints|deployment|functionality|non_functional|user_scenario,9e995377e5dd8669c96a13d79a196737a41cef2b,2022-02-07 09:40:20,row_sha_with_view_date,ok,cached,
s000041_4e10c941,CMUChimpsLab/Peekaboo,https://github.com/CMUChimpsLab/Peekaboo/blob/main/doc/architecture-overview.jpeg,https://github.com/CMUChimpsLab/Peekaboo/blob/main/doc/architecture-overview.jpeg?raw=true,outputs\benchmark_scoring\images\s000041_4e10c941\target_view.jpeg,hybrid,96,11,15,25,15,15,15,6220,39,code_api_route|deployment_config|docs|readme|requirements_like|schema_model|test,api_io|constraints|deployment|functionality|non_functional|user_scenario,95366fed610436d33a4f120da1a39c409e3c1462,2022-05-19 05:52:03,resolved_before_view,ok,cached,
s000040_337afcbb,ebu/PlugIt,https://github.com/ebu/PlugIt/blob/master/docs/images/architecture_overview.png,https://github.com/ebu/PlugIt/blob/master/docs/images/architecture_overview.png?raw=true,outputs\benchmark_scoring\images\s000040_337afcbb\target_view.png,hybrid,96,11,15,25,15,15,15,5413,17,code_api_route|code_cli|config|deployment_config|docs|readme|requirements_like|schema_model|test,api_io|constraints|deployment|functionality|non_functional|user_scenario,c2c0f6df09e43c1aa942716ebdf0afd99e262f67,2016-04-20 11:28:29,resolved_before_view,ok,cached,
s000036_b0b48363,SimonLdj/hypnolog-server,https://github.com/SimonLdj/hypnolog-server/blob/master/doc/images/hypnolog-architecture.png,https://github.com/SimonLdj/hypnolog-server/blob/master/doc/images/hypnolog-architecture.png?raw=true,outputs\benchmark_scoring\images\s000036_b0b48363\target_view.png,hybrid,96,11,15,25,15,15,15,4124,14,code_api_route|code_cli|config|docs|readme|requirements_like|schema_model,api_io|constraints|deployment|functionality|non_functional|user_scenario,11dc566c7f0136215b032fec7d49ca9ef1bc74b9,2018-04-27 13:56:49,resolved_before_view,ok,cached,
s000068_a8b7a94e,nasa/cFS,https://github.com/nasa/cFS/blob/main/.github/workflows/Reusable-Workflows-Architecture.svg,https://github.com/nasa/cFS/blob/main/.github/workflows/Reusable-Workflows-Architecture.svg?raw=true,outputs\benchmark_scoring\images\s000068_a8b7a94e\target_view.svg,hybrid,96,11,15,25,15,15,15,7899,13,deployment_config|readme,api_io|constraints|deployment|functionality|non_functional|user_scenario,8053f8c655a6ef9f32ce1f6f6db5157cad7931b0,2021-12-13 13:49:46,resolved_before_view,ok,cached,
s000067_4d85c913,ShiftLeftSecurity/traceleft,https://github.com/ShiftLeftSecurity/traceleft/blob/master/documentation/traceleft-architecture.png,https://github.com/ShiftLeftSecurity/traceleft/blob/master/documentation/traceleft-architecture.png?raw=true,outputs\benchmark_scoring\images\s000067_4d85c913\target_view.png,hybrid,96,11,15,25,15,15,15,4765,13,code_api_route|code_cli|config|readme|test,api_io|constraints|deployment|functionality|non_functional|user_scenario,890e67e2fc1ea0dcbdcb5164b665d6be245e5464,2018-09-12 10:20:01,resolved_before_view,ok,cached,
s000006_df2f83a2,aikkala/user-in-the-box,https://github.com/aikkala/user-in-the-box/blob/main/figs/architecture.svg,https://github.com/aikkala/user-in-the-box/blob/main/figs/architecture.svg?raw=true,outputs\benchmark_scoring\images\s000006_df2f83a2\target_view.svg,hybrid,96,11,15,25,15,15,15,5439,12,config|readme|schema_model|test,api_io|constraints|deployment|functionality|non_functional|user_scenario,5a4bb88b7ad8462173923808ab30c58224ef40d0,2022-08-12 11:19:12,resolved_before_view,ok,cached,
s000024_99ab1380,oracle-quickstart/oci-jenkins,https://github.com/oracle-quickstart/oci-jenkins/blob/master/images/architecture.png,https://github.com/oracle-quickstart/oci-jenkins/blob/master/images/architecture.png?raw=true,outputs\benchmark_scoring\images\s000024_99ab1380\target_view.png,hybrid,96,11,15,25,15,15,15,2285,9,readme|test,api_io|constraints|deployment|functionality|non_functional|user_scenario,50abb3190215f8f8f34d5a7afe37581b5d1bfcd2,2019-05-20 21:07:36,resolved_before_view,ok,cached,
s000013_b5fd7337,Simon-0711/ta_lyrics_sentiment_classification,https://github.com/Simon-0711/ta_lyrics_sentiment_classification/blob/main/images/architecture_highlevel.png,https://github.com/Simon-0711/ta_lyrics_sentiment_classification/blob/main/images/architecture_highlevel.png?raw=true,outputs\benchmark_scoring\images\s000013_b5fd7337\target_view.png,hybrid,96,11,15,25,15,15,15,3484,9,config|deployment_config|readme|schema_model|test,api_io|constraints|deployment|functionality|non_functional|user_scenario,53071f940166ffe52565206c25a6769a35b02e0f,2022-12-01 10:40:39,resolved_before_view,ok,cached,
s000009_ff7318d0,adityajain10/foot365-live-streaming-chatbot-prediction-app-on-aws,https://github.com/adityajain10/foot365-live-streaming-chatbot-prediction-app-on-aws/blob/master/Snapshots/architecture.jpg,https://github.com/adityajain10/foot365-live-streaming-chatbot-prediction-app-on-aws/blob/master/Snapshots/architecture.jpg?raw=true,outputs\benchmark_scoring\images\s000009_ff7318d0\target_view.jpg,hybrid,96,11,15,25,15,15,15,4348,7,code_api_route|readme,api_io|constraints|deployment|functionality|non_functional|user_scenario,3f424fa0347bf989489aeafbfae03266d70cf0c0,2020-03-13 07:27:40,resolved_before_view,ok,cached,
s000034_43fffc9f,IBM/torc_py,https://github.com/IBM/torc_py/blob/master/doc/torc_architecture.png,https://github.com/IBM/torc_py/blob/master/doc/torc_architecture.png?raw=true,outputs\benchmark_scoring\images\s000034_43fffc9f\target_view.png,hybrid,96,11,15,25,15,15,15,3169,4,readme|requirements_like|test,api_io|constraints|deployment|functionality|non_functional|user_scenario,cbd7199aad06f7bff7e8e089ebec2cd1b0265c8a,2019-10-18 00:13:07,resolved_before_view,ok,cached,
s000351_ed818cab,iceland2k14/Kangrand,https://github.com/iceland2k14/Kangrand/blob/master/DOC/architecture.jpg,https://github.com/iceland2k14/Kangrand/blob/master/DOC/architecture.jpg?raw=true,outputs\benchmark_scoring\images\s000351_ed818cab\target_view.jpg,hybrid,96,11,15,25,15,15,15,2032,1,readme,api_io|constraints|deployment|functionality|non_functional|user_scenario,7a8099ad352668fce4f0dfc7ebd0354b29b7f301,2020-06-06 12:26:33,resolved_before_view,ok,cached,
s000001_3c90b51c,pau-minoves/jseats,https://github.com/pau-minoves/jseats/blob/master/src/site/resources/jseats_architecture.png,https://github.com/pau-minoves/jseats/blob/master/src/site/resources/jseats_architecture.png?raw=true,outputs\benchmark_scoring\images\s000001_3c90b51c\target_view.png,hybrid,93,11,12,25,15,15,15,6025,39,config|readme|schema_model|test,api_io|constraints|deployment|functionality|user_scenario,3e4c0686a09ed12b6024d264168e317eebe678a4,2014-11-27 20:54:37,resolved_before_view,ok,cached,
s000002_0f72cc9f,lowtalkers/escape-reality,https://github.com/lowtalkers/escape-reality/blob/master/diagrams/architecture1.png,https://github.com/lowtalkers/escape-reality/blob/master/diagrams/architecture1.png?raw=true,outputs\benchmark_scoring\images\s000002_0f72cc9f\target_view.png,hybrid,93,11,12,25,15,15,15,7182,29,code_api_route|code_cli|config|readme|release_notes|schema_model|tutorial_guide,api_io|constraints|deployment|functionality|user_scenario,f98a9606217b6278b5883e080a45487e324e4ef6,2016-11-20 04:28:29,resolved_before_view,ok,cached,
s000003_e847b2a1,kryptokrauts/ae-prediction-cards,https://github.com/kryptokrauts/ae-prediction-cards/blob/main/images/architecture.png,https://github.com/kryptokrauts/ae-prediction-cards/blob/main/images/architecture.png?raw=true,outputs\benchmark_scoring\images\s000003_e847b2a1\target_view.png,hybrid,93,11,12,25,15,15,15,7114,21,code_api_route|code_cli|config|readme|test,api_io|constraints|deployment|functionality|user_scenario,99dae5686d1542aae88bc67a22370ec6c6a567a0,2021-05-07 19:59:06,resolved_before_view,ok,cached,
s000007_6883c7be,lvyahui8/http-proxy,https://github.com/lvyahui8/http-proxy/blob/master/api_platform_architecture.jpg,https://github.com/lvyahui8/http-proxy/blob/master/api_platform_architecture.jpg?raw=true,outputs\benchmark_scoring\images\s000007_6883c7be\target_view.jpg,hybrid,93,11,12,25,15,15,15,5309,15,code_api_route|code_cli|readme|test,api_io|deployment|functionality|non_functional|user_scenario,9d52311370524ee84ac9df5ca1cf5c9bfb1fbc5b,2019-10-01 17:15:15,resolved_before_view,ok,cached,
s000045_597bf972,qunarcorp/m_adr_qapm_open_source,https://github.com/qunarcorp/m_adr_qapm_open_source/blob/master/image/qapm-Architecture.png,https://github.com/qunarcorp/m_adr_qapm_open_source/blob/master/image/qapm-Architecture.png?raw=true,outputs\benchmark_scoring\images\s000045_597bf972\target_view.png,hybrid,93,11,12,25,15,15,15,3653,10,code_api_route|code_cli|config|readme|test,api_io|constraints|deployment|functionality|user_scenario,5e46e7416b2a54d49bf34c571807033be0b34562,2019-03-08 08:38:45,resolved_before_view,ok,cached,
s000095_d8954776,mendhak/gpslogger,https://github.com/mendhak/gpslogger/blob/master/assets/gpslogger_architecture.png,https://github.com/mendhak/gpslogger/blob/master/assets/gpslogger_architecture.png?raw=true,outputs\benchmark_scoring\images\s000095_d8954776\target_view.png,hybrid,93,11,12,25,15,15,15,4727,9,code_api_route|code_cli|readme|test,api_io|constraints|deployment|functionality|user_scenario,ab894229de5ef1fec726b8a9588e98089b9564c6,2015-05-04 12:16:47,resolved_before_view,ok,cached,
s000350_a0cfb4f2,david3107/squatm3gator,https://github.com/david3107/squatm3gator/blob/master/architecture.png,https://github.com/david3107/squatm3gator/blob/master/architecture.png?raw=true,outputs\benchmark_scoring\images\s000350_a0cfb4f2\target_view.png,hybrid,92,11,15,25,11,15,15,4563,40,code_api_route|readme|requirements_like|test,api_io|constraints|deployment|functionality|non_functional|user_scenario,d6e96d31b26d5dee3a4ddf2ae3cb516aa7da9ce5,2018-12-04 15:01:33,row_sha_with_view_date,ok,cached,
s000026_5d153cf4,GoogleCloudPlatform/gke-pubsub-websocket-adapter,https://github.com/GoogleCloudPlatform/gke-pubsub-websocket-adapter/blob/main/architecture.svg,https://github.com/GoogleCloudPlatform/gke-pubsub-websocket-adapter/blob/main/architecture.svg?raw=true,outputs\benchmark_scoring\images\s000026_5d153cf4\target_view.svg,hybrid,91,6,15,25,15,15,15,1287,7,deployment_config|readme,api_io|constraints|deployment|functionality|non_functional|user_scenario,575c112acd7b60c40381e4a2fba92905ce828982,2020-10-10 17:43:09,resolved_before_view,ok,cached,
s000064_6a496ab6,calmato/gran-book,https://github.com/calmato/gran-book/blob/master/docs/12_backend/01_design/images/architecture.jpeg,https://github.com/calmato/gran-book/blob/master/docs/12_backend/01_design/images/architecture.jpeg?raw=true,outputs\benchmark_scoring\images\s000064_6a496ab6\target_view.jpeg,hybrid,88,6,12,25,15,15,15,1787,40,readme,api_io|constraints|deployment|functionality|user_scenario,03ab97ccfe81bccbc8e000916a663cd6a2872bf6,2021-06-01 12:03:09,resolved_before_view,ok,cached,
s000066_a314f8cb,alexprut/earth-defender,https://github.com/alexprut/earth-defender/blob/master/documentation/img/GeneralArchitecture.png,https://github.com/alexprut/earth-defender/blob/master/documentation/img/GeneralArchitecture.png?raw=true,outputs\benchmark_scoring\images\s000066_a314f8cb\target_view.png,hybrid,88,11,15,25,7,15,15,4537,8,code_api_route|code_cli|readme,api_io|constraints|deployment|functionality|non_functional|user_scenario,5d4d8f0832fc74882a701d6a0dedee23fd494648,,row_sha_no_view_date,ok,cached,
s000057_94d93adc,arkaneshiro/Sound-Zone,https://github.com/arkaneshiro/Sound-Zone/blob/master/Documentation/readme-resources/Soundzone_Application_Architecture.png,https://github.com/arkaneshiro/Sound-Zone/blob/master/Documentation/readme-resources/Soundzone_Application_Architecture.png?raw=true,outputs\benchmark_scoring\images\s000057_94d93adc\target_view.png,hybrid,88,6,12,25,15,15,15,1129,4,code_api_route|config|readme,api_io|deployment|functionality|non_functional|user_scenario,08662fb0cac176552459f4091db62bf7a90e54f8,2021-02-19 04:56:26,resolved_before_view,ok,cached,
s000055_6ea7621c,FAC10/week4-jajascript,https://github.com/FAC10/week4-jajascript/blob/master/public/assets/architecture-diagram.png,https://github.com/FAC10/week4-jajascript/blob/master/public/assets/architecture-diagram.png?raw=true,outputs\benchmark_scoring\images\s000055_6ea7621c\target_view.png,hybrid,86,6,12,25,15,15,13,751,5,code_api_route|readme|test,api_io|constraints|deployment|functionality|user_scenario,ef2fe84e25cdb9621e47e8bd36cb4a1e225a00ba,2017-03-17 15:33:03,resolved_before_view,ok,cached,
s000025_9ba1413f,Neighbor-Army/help-with-covid,https://github.com/neighbor-army/help-with-covid/blob/develop/docs/images/architecture-2.png,https://github.com/neighbor-army/help-with-covid/blob/develop/docs/images/architecture-2.png?raw=true,outputs\benchmark_scoring\images\s000025_9ba1413f\target_view.png,hybrid,86,6,12,25,15,15,13,566,5,code_api_route|config|readme,api_io|constraints|deployment|functionality|user_scenario,b540315578f533e035b704a9d4b8b27b7ae8d3a0,2020-03-21 05:59:44,resolved_before_view,ok,cached,
