sample_id,issue_id,issue_type,severity,reviewer_1_decision,reviewer_2_decision,reviewer_3_decision,valid_decision_count,agreement_level,pair_agreement,missing_reviewers,source_files
s000001_3c90b51c,R001,traceability,major,ACCEPT,ACCEPT,ACCEPT,3,full_agreement,1.0000,,s000001_3c90b51c\human_srs_review_1.md;s000001_3c90b51c\human_srs_review_2.md;s000001_3c90b51c\human_srs_review_3.md
s000001_3c90b51c,R002,non_verifiable,major,ACCEPT,ACCEPT,ACCEPT,3,full_agreement,1.0000,,s000001_3c90b51c\human_srs_review_1.md;s000001_3c90b51c\human_srs_review_2.md;s000001_3c90b51c\human_srs_review_3.md
s000001_3c90b51c,R003,scope,minor,ACCEPT,ACCEPT,ACCEPT,3,full_agreement,1.0000,,s000001_3c90b51c\human_srs_review_1.md;s000001_3c90b51c\human_srs_review_2.md;s000001_3c90b51c\human_srs_review_3.md
s000001_3c90b51c,R004,unsupported_claim,minor,PARTIAL_ACCEPT,PARTIAL_ACCEPT,PARTIAL_ACCEPT,3,full_agreement,1.0000,,s000001_3c90b51c\human_srs_review_1.md;s000001_3c90b51c\human_srs_review_2.md;s000001_3c90b51c\human_srs_review_3.md
s000001_3c90b51c,R005,missing_requirement,minor,ACCEPT,ACCEPT,ACCEPT,3,full_agreement,1.0000,,s000001_3c90b51c\human_srs_review_1.md;s000001_3c90b51c\human_srs_review_2.md;s000001_3c90b51c\human_srs_review_3.md
s000001_3c90b51c,R006,ambiguity,minor,PARTIAL_ACCEPT,PARTIAL_ACCEPT,PARTIAL_ACCEPT,3,full_agreement,1.0000,,s000001_3c90b51c\human_srs_review_1.md;s000001_3c90b51c\human_srs_review_2.md;s000001_3c90b51c\human_srs_review_3.md
s000001_3c90b51c,R007,traceability,minor,ACCEPT,ACCEPT,ACCEPT,3,full_agreement,1.0000,,s000001_3c90b51c\human_srs_review_1.md;s000001_3c90b51c\human_srs_review_2.md;s000001_3c90b51c\human_srs_review_3.md
s000001_3c90b51c,R008,architecture_detail,minor,ACCEPT,ACCEPT,ACCEPT,3,full_agreement,1.0000,,s000001_3c90b51c\human_srs_review_1.md;s000001_3c90b51c\human_srs_review_2.md;s000001_3c90b51c\human_srs_review_3.md
s000002_0f72cc9f,R001,scope,major,ACCEPT,PARTIAL_ACCEPT,PARTIAL_ACCEPT,3,majority_agreement,0.3333,,s000002_0f72cc9f\human_srs_review_1.md;s000002_0f72cc9f\human_srs_review_2.md;s000002_0f72cc9f\human_srs_review_3.md
s000002_0f72cc9f,R002,architecture_detail,major,ACCEPT,ACCEPT,ACCEPT,3,full_agreement,1.0000,,s000002_0f72cc9f\human_srs_review_1.md;s000002_0f72cc9f\human_srs_review_2.md;s000002_0f72cc9f\human_srs_review_3.md
s000002_0f72cc9f,R003,unsupported_claim,major,ACCEPT,ACCEPT,ACCEPT,3,full_agreement,1.0000,,s000002_0f72cc9f\human_srs_review_1.md;s000002_0f72cc9f\human_srs_review_2.md;s000002_0f72cc9f\human_srs_review_3.md
s000002_0f72cc9f,R004,ambiguity,minor,ACCEPT,PARTIAL_ACCEPT,ACCEPT,3,majority_agreement,0.3333,,s000002_0f72cc9f\human_srs_review_1.md;s000002_0f72cc9f\human_srs_review_2.md;s000002_0f72cc9f\human_srs_review_3.md
s000002_0f72cc9f,R005,traceability,minor,ACCEPT,ACCEPT,ACCEPT,3,full_agreement,1.0000,,s000002_0f72cc9f\human_srs_review_1.md;s000002_0f72cc9f\human_srs_review_2.md;s000002_0f72cc9f\human_srs_review_3.md
s000002_0f72cc9f,R006,missing_requirement,minor,ACCEPT,ACCEPT,ACCEPT,3,full_agreement,1.0000,,s000002_0f72cc9f\human_srs_review_1.md;s000002_0f72cc9f\human_srs_review_2.md;s000002_0f72cc9f\human_srs_review_3.md
s000002_0f72cc9f,R007,unsupported_claim,minor,ACCEPT,ACCEPT,ACCEPT,3,full_agreement,1.0000,,s000002_0f72cc9f\human_srs_review_1.md;s000002_0f72cc9f\human_srs_review_2.md;s000002_0f72cc9f\human_srs_review_3.md
s000003_e847b2a1,R001,architecture_detail,major,ACCEPT,ACCEPT,PARTIAL_ACCEPT,3,majority_agreement,0.3333,,s000003_e847b2a1\human_srs_review_1.md;s000003_e847b2a1\human_srs_review_2.md;s000003_e847b2a1\human_srs_review_3.md
s000003_e847b2a1,R002,missing_requirement,major,ACCEPT,PARTIAL_ACCEPT,ACCEPT,3,majority_agreement,0.3333,,s000003_e847b2a1\human_srs_review_1.md;s000003_e847b2a1\human_srs_review_2.md;s000003_e847b2a1\human_srs_review_3.md
s000003_e847b2a1,R003,missing_requirement,minor,ACCEPT,ACCEPT,PARTIAL_ACCEPT,3,majority_agreement,0.3333,,s000003_e847b2a1\human_srs_review_1.md;s000003_e847b2a1\human_srs_review_2.md;s000003_e847b2a1\human_srs_review_3.md
s000003_e847b2a1,R004,ambiguity,minor,ACCEPT,ACCEPT,PARTIAL_ACCEPT,3,majority_agreement,0.3333,,s000003_e847b2a1\human_srs_review_1.md;s000003_e847b2a1\human_srs_review_2.md;s000003_e847b2a1\human_srs_review_3.md
s000003_e847b2a1,R005,unsupported_claim,minor,PARTIAL_ACCEPT,ACCEPT,PARTIAL_ACCEPT,3,majority_agreement,0.3333,,s000003_e847b2a1\human_srs_review_1.md;s000003_e847b2a1\human_srs_review_2.md;s000003_e847b2a1\human_srs_review_3.md
s000003_e847b2a1,R006,traceability,minor,ACCEPT,ACCEPT,ACCEPT,3,full_agreement,1.0000,,s000003_e847b2a1\human_srs_review_1.md;s000003_e847b2a1\human_srs_review_2.md;s000003_e847b2a1\human_srs_review_3.md
s000003_e847b2a1,R007,non_verifiable,minor,ACCEPT,ACCEPT,ACCEPT,3,full_agreement,1.0000,,s000003_e847b2a1\human_srs_review_1.md;s000003_e847b2a1\human_srs_review_2.md;s000003_e847b2a1\human_srs_review_3.md
s000003_e847b2a1,R008,scope,minor,ACCEPT,ACCEPT,ACCEPT,3,full_agreement,1.0000,,s000003_e847b2a1\human_srs_review_1.md;s000003_e847b2a1\human_srs_review_2.md;s000003_e847b2a1\human_srs_review_3.md
s000003_e847b2a1,R009,architecture_detail,critical,ACCEPT,ACCEPT,ACCEPT,3,full_agreement,1.0000,,s000003_e847b2a1\human_srs_review_1.md;s000003_e847b2a1\human_srs_review_2.md;s000003_e847b2a1\human_srs_review_3.md
s000003_e847b2a1,R010,missing_requirement,minor,ACCEPT,ACCEPT,PARTIAL_ACCEPT,3,majority_agreement,0.3333,,s000003_e847b2a1\human_srs_review_1.md;s000003_e847b2a1\human_srs_review_2.md;s000003_e847b2a1\human_srs_review_3.md
s000003_e847b2a1,R011,missing_requirement,minor,PARTIAL_ACCEPT,PARTIAL_ACCEPT,PARTIAL_ACCEPT,3,full_agreement,1.0000,,s000003_e847b2a1\human_srs_review_1.md;s000003_e847b2a1\human_srs_review_2.md;s000003_e847b2a1\human_srs_review_3.md
s000004_241f0bcc,R001,scope,major,ACCEPT,ACCEPT,ACCEPT,3,full_agreement,1.0000,,s000004_241f0bcc\human_srs_review_1.md;s000004_241f0bcc\human_srs_review_2.md;s000004_241f0bcc\human_srs_review_3.md
s000004_241f0bcc,R002,unsupported_claim,major,ACCEPT,ACCEPT,ACCEPT,3,full_agreement,1.0000,,s000004_241f0bcc\human_srs_review_1.md;s000004_241f0bcc\human_srs_review_2.md;s000004_241f0bcc\human_srs_review_3.md
s000004_241f0bcc,R003,ambiguity,minor,ACCEPT,ACCEPT,ACCEPT,3,full_agreement,1.0000,,s000004_241f0bcc\human_srs_review_1.md;s000004_241f0bcc\human_srs_review_2.md;s000004_241f0bcc\human_srs_review_3.md
s000004_241f0bcc,R004,non_verifiable,minor,ACCEPT,ACCEPT,ACCEPT,3,full_agreement,1.0000,,s000004_241f0bcc\human_srs_review_1.md;s000004_241f0bcc\human_srs_review_2.md;s000004_241f0bcc\human_srs_review_3.md
s000004_241f0bcc,R005,missing_requirement,minor,ACCEPT,ACCEPT,ACCEPT,3,full_agreement,1.0000,,s000004_241f0bcc\human_srs_review_1.md;s000004_241f0bcc\human_srs_review_2.md;s000004_241f0bcc\human_srs_review_3.md
s000004_241f0bcc,R006,architecture_detail,minor,ACCEPT,PARTIAL_ACCEPT,PARTIAL_ACCEPT,3,majority_agreement,0.3333,,s000004_241f0bcc\human_srs_review_1.md;s000004_241f0bcc\human_srs_review_2.md;s000004_241f0bcc\human_srs_review_3.md
s000004_241f0bcc,R007,traceability,minor,REJECT,REJECT,REJECT,3,full_agreement,1.0000,,s000004_241f0bcc\human_srs_review_1.md;s000004_241f0bcc\human_srs_review_2.md;s000004_241f0bcc\human_srs_review_3.md
s000006_df2f83a2,R001,missing_requirement,major,ACCEPT,ACCEPT,ACCEPT,3,full_agreement,1.0000,,s000006_df2f83a2\human_srs_review_1.md;s000006_df2f83a2\human_srs_review_2.md;s000006_df2f83a2\human_srs_review_3.md
s000006_df2f83a2,R002,missing_requirement,minor,ACCEPT,ACCEPT,ACCEPT,3,full_agreement,1.0000,,s000006_df2f83a2\human_srs_review_1.md;s000006_df2f83a2\human_srs_review_2.md;s000006_df2f83a2\human_srs_review_3.md
s000006_df2f83a2,R003,contradiction,major,REJECT,REJECT,REJECT,3,full_agreement,1.0000,,s000006_df2f83a2\human_srs_review_1.md;s000006_df2f83a2\human_srs_review_2.md;s000006_df2f83a2\human_srs_review_3.md
s000006_df2f83a2,R004,traceability,minor,ACCEPT,PARTIAL_ACCEPT,PARTIAL_ACCEPT,3,majority_agreement,0.3333,,s000006_df2f83a2\human_srs_review_1.md;s000006_df2f83a2\human_srs_review_2.md;s000006_df2f83a2\human_srs_review_3.md
s000006_df2f83a2,R005,missing_requirement,minor,ACCEPT,ACCEPT,ACCEPT,3,full_agreement,1.0000,,s000006_df2f83a2\human_srs_review_1.md;s000006_df2f83a2\human_srs_review_2.md;s000006_df2f83a2\human_srs_review_3.md
s000006_df2f83a2,R006,architecture_detail,minor,ACCEPT,PARTIAL_ACCEPT,PARTIAL_ACCEPT,3,majority_agreement,0.3333,,s000006_df2f83a2\human_srs_review_1.md;s000006_df2f83a2\human_srs_review_2.md;s000006_df2f83a2\human_srs_review_3.md
s000006_df2f83a2,R007,non_verifiable,minor,ACCEPT,ACCEPT,ACCEPT,3,full_agreement,1.0000,,s000006_df2f83a2\human_srs_review_1.md;s000006_df2f83a2\human_srs_review_2.md;s000006_df2f83a2\human_srs_review_3.md
s000007_6883c7be,R001,architecture_detail,major,ACCEPT,ACCEPT,ACCEPT,3,full_agreement,1.0000,,s000007_6883c7be\human_srs_review_1.md;s000007_6883c7be\human_srs_review_2.md;s000007_6883c7be\human_srs_review_3.md
s000007_6883c7be,R002,unsupported_claim,major,ACCEPT,ACCEPT,PARTIAL_ACCEPT,3,majority_agreement,0.3333,,s000007_6883c7be\human_srs_review_1.md;s000007_6883c7be\human_srs_review_2.md;s000007_6883c7be\human_srs_review_3.md
s000007_6883c7be,R003,unsupported_claim,minor,ACCEPT,ACCEPT,ACCEPT,3,full_agreement,1.0000,,s000007_6883c7be\human_srs_review_1.md;s000007_6883c7be\human_srs_review_2.md;s000007_6883c7be\human_srs_review_3.md
s000007_6883c7be,R004,ambiguity,minor,ACCEPT,ACCEPT,ACCEPT,3,full_agreement,1.0000,,s000007_6883c7be\human_srs_review_1.md;s000007_6883c7be\human_srs_review_2.md;s000007_6883c7be\human_srs_review_3.md
s000007_6883c7be,R005,non_verifiable,minor,ACCEPT,ACCEPT,ACCEPT,3,full_agreement,1.0000,,s000007_6883c7be\human_srs_review_1.md;s000007_6883c7be\human_srs_review_2.md;s000007_6883c7be\human_srs_review_3.md
s000007_6883c7be,R006,traceability,minor,REJECT,REJECT,REJECT,3,full_agreement,1.0000,,s000007_6883c7be\human_srs_review_1.md;s000007_6883c7be\human_srs_review_2.md;s000007_6883c7be\human_srs_review_3.md
s000008_a5828142,R001,unsupported_claim,major,PARTIAL_ACCEPT,PARTIAL_ACCEPT,PARTIAL_ACCEPT,3,full_agreement,1.0000,,s000008_a5828142\human_srs_review_1.md;s000008_a5828142\human_srs_review_2.md;s000008_a5828142\human_srs_review_3.md
s000008_a5828142,R002,unsupported_claim,major,ACCEPT,ACCEPT,ACCEPT,3,full_agreement,1.0000,,s000008_a5828142\human_srs_review_1.md;s000008_a5828142\human_srs_review_2.md;s000008_a5828142\human_srs_review_3.md
s000008_a5828142,R003,scope,major,PARTIAL_ACCEPT,PARTIAL_ACCEPT,PARTIAL_ACCEPT,3,full_agreement,1.0000,,s000008_a5828142\human_srs_review_1.md;s000008_a5828142\human_srs_review_2.md;s000008_a5828142\human_srs_review_3.md
s000008_a5828142,R004,ambiguity,minor,ACCEPT,ACCEPT,ACCEPT,3,full_agreement,1.0000,,s000008_a5828142\human_srs_review_1.md;s000008_a5828142\human_srs_review_2.md;s000008_a5828142\human_srs_review_3.md
s000008_a5828142,R005,traceability,minor,REJECT,REJECT,REJECT,3,full_agreement,1.0000,,s000008_a5828142\human_srs_review_1.md;s000008_a5828142\human_srs_review_2.md;s000008_a5828142\human_srs_review_3.md
s000008_a5828142,R006,non_verifiable,minor,ACCEPT,ACCEPT,ACCEPT,3,full_agreement,1.0000,,s000008_a5828142\human_srs_review_1.md;s000008_a5828142\human_srs_review_2.md;s000008_a5828142\human_srs_review_3.md
s000009_ff7318d0,R001,missing_requirement,major,ACCEPT,PARTIAL_ACCEPT,PARTIAL_ACCEPT,3,majority_agreement,0.3333,,s000009_ff7318d0\human_srs_review_1.md;s000009_ff7318d0\human_srs_review_2.md;s000009_ff7318d0\human_srs_review_3.md
s000009_ff7318d0,R002,missing_requirement,major,ACCEPT,ACCEPT,PARTIAL_ACCEPT,3,majority_agreement,0.3333,,s000009_ff7318d0\human_srs_review_1.md;s000009_ff7318d0\human_srs_review_2.md;s000009_ff7318d0\human_srs_review_3.md
s000009_ff7318d0,R003,unsupported_claim,minor,PARTIAL_ACCEPT,PARTIAL_ACCEPT,PARTIAL_ACCEPT,3,full_agreement,1.0000,,s000009_ff7318d0\human_srs_review_1.md;s000009_ff7318d0\human_srs_review_2.md;s000009_ff7318d0\human_srs_review_3.md
s000009_ff7318d0,R004,architecture_detail,minor,ACCEPT,ACCEPT,ACCEPT,3,full_agreement,1.0000,,s000009_ff7318d0\human_srs_review_1.md;s000009_ff7318d0\human_srs_review_2.md;s000009_ff7318d0\human_srs_review_3.md
s000009_ff7318d0,R005,traceability,minor,ACCEPT,ACCEPT,ACCEPT,3,full_agreement,1.0000,,s000009_ff7318d0\human_srs_review_1.md;s000009_ff7318d0\human_srs_review_2.md;s000009_ff7318d0\human_srs_review_3.md
s000009_ff7318d0,R006,non_verifiable,minor,ACCEPT,ACCEPT,ACCEPT,3,full_agreement,1.0000,,s000009_ff7318d0\human_srs_review_1.md;s000009_ff7318d0\human_srs_review_2.md;s000009_ff7318d0\human_srs_review_3.md
s000010_87e6341f,R001,traceability,major,ACCEPT,ACCEPT,ACCEPT,3,full_agreement,1.0000,,s000010_87e6341f\human_srs_review_1.md;s000010_87e6341f\human_srs_review_2.md;s000010_87e6341f\human_srs_review_3.md
s000010_87e6341f,R002,scope,major,ACCEPT,ACCEPT,ACCEPT,3,full_agreement,1.0000,,s000010_87e6341f\human_srs_review_1.md;s000010_87e6341f\human_srs_review_2.md;s000010_87e6341f\human_srs_review_3.md
s000010_87e6341f,R003,non_verifiable,minor,ACCEPT,ACCEPT,ACCEPT,3,full_agreement,1.0000,,s000010_87e6341f\human_srs_review_1.md;s000010_87e6341f\human_srs_review_2.md;s000010_87e6341f\human_srs_review_3.md
s000010_87e6341f,R004,ambiguity,minor,ACCEPT,ACCEPT,PARTIAL_ACCEPT,3,majority_agreement,0.3333,,s000010_87e6341f\human_srs_review_1.md;s000010_87e6341f\human_srs_review_2.md;s000010_87e6341f\human_srs_review_3.md
s000010_87e6341f,R005,ambiguity,minor,ACCEPT,ACCEPT,PARTIAL_ACCEPT,3,majority_agreement,0.3333,,s000010_87e6341f\human_srs_review_1.md;s000010_87e6341f\human_srs_review_2.md;s000010_87e6341f\human_srs_review_3.md
s000010_87e6341f,R006,unsupported_claim,minor,ACCEPT,ACCEPT,ACCEPT,3,full_agreement,1.0000,,s000010_87e6341f\human_srs_review_1.md;s000010_87e6341f\human_srs_review_2.md;s000010_87e6341f\human_srs_review_3.md
s000010_87e6341f,R007,missing_requirement,minor,REJECT,REJECT,REJECT,3,full_agreement,1.0000,,s000010_87e6341f\human_srs_review_1.md;s000010_87e6341f\human_srs_review_2.md;s000010_87e6341f\human_srs_review_3.md
s000013_b5fd7337,R001,unsupported_claim,major,ACCEPT,PARTIAL_ACCEPT,PARTIAL_ACCEPT,3,majority_agreement,0.3333,,s000013_b5fd7337\human_srs_review_1.md;s000013_b5fd7337\human_srs_review_2.md;s000013_b5fd7337\human_srs_review_3.md
s000013_b5fd7337,R002,architecture_detail,major,ACCEPT,ACCEPT,ACCEPT,3,full_agreement,1.0000,,s000013_b5fd7337\human_srs_review_1.md;s000013_b5fd7337\human_srs_review_2.md;s000013_b5fd7337\human_srs_review_3.md
s000013_b5fd7337,R003,traceability,minor,ACCEPT,ACCEPT,ACCEPT,3,full_agreement,1.0000,,s000013_b5fd7337\human_srs_review_1.md;s000013_b5fd7337\human_srs_review_2.md;s000013_b5fd7337\human_srs_review_3.md
s000013_b5fd7337,R004,scope,minor,ACCEPT,ACCEPT,ACCEPT,3,full_agreement,1.0000,,s000013_b5fd7337\human_srs_review_1.md;s000013_b5fd7337\human_srs_review_2.md;s000013_b5fd7337\human_srs_review_3.md
s000013_b5fd7337,R005,ambiguity,minor,ACCEPT,ACCEPT,ACCEPT,3,full_agreement,1.0000,,s000013_b5fd7337\human_srs_review_1.md;s000013_b5fd7337\human_srs_review_2.md;s000013_b5fd7337\human_srs_review_3.md
s000013_b5fd7337,R006,traceability,minor,REJECT,REJECT,REJECT,3,full_agreement,1.0000,,s000013_b5fd7337\human_srs_review_1.md;s000013_b5fd7337\human_srs_review_2.md;s000013_b5fd7337\human_srs_review_3.md
s000020_3582f816,R001,scope,major,PARTIAL_ACCEPT,PARTIAL_ACCEPT,ACCEPT,3,majority_agreement,0.3333,,s000020_3582f816\human_srs_review_1.md;s000020_3582f816\human_srs_review_2.md;s000020_3582f816\human_srs_review_3.md
s000020_3582f816,R002,unsupported_claim,major,PARTIAL_ACCEPT,ACCEPT,PARTIAL_ACCEPT,3,majority_agreement,0.3333,,s000020_3582f816\human_srs_review_1.md;s000020_3582f816\human_srs_review_2.md;s000020_3582f816\human_srs_review_3.md
s000020_3582f816,R003,traceability,minor,ACCEPT,ACCEPT,ACCEPT,3,full_agreement,1.0000,,s000020_3582f816\human_srs_review_1.md;s000020_3582f816\human_srs_review_2.md;s000020_3582f816\human_srs_review_3.md
s000020_3582f816,R004,non_verifiable,minor,ACCEPT,ACCEPT,ACCEPT,3,full_agreement,1.0000,,s000020_3582f816\human_srs_review_1.md;s000020_3582f816\human_srs_review_2.md;s000020_3582f816\human_srs_review_3.md
s000020_3582f816,R005,ambiguity,minor,ACCEPT,ACCEPT,ACCEPT,3,full_agreement,1.0000,,s000020_3582f816\human_srs_review_1.md;s000020_3582f816\human_srs_review_2.md;s000020_3582f816\human_srs_review_3.md
s000020_3582f816,R006,traceability,minor,REJECT,REJECT,REJECT,3,full_agreement,1.0000,,s000020_3582f816\human_srs_review_1.md;s000020_3582f816\human_srs_review_2.md;s000020_3582f816\human_srs_review_3.md
s000020_3582f816,R007,architecture_detail,minor,PARTIAL_ACCEPT,PARTIAL_ACCEPT,ACCEPT,3,majority_agreement,0.3333,,s000020_3582f816\human_srs_review_1.md;s000020_3582f816\human_srs_review_2.md;s000020_3582f816\human_srs_review_3.md
s000024_99ab1380,R001,architecture_detail,major,ACCEPT,PARTIAL_ACCEPT,PARTIAL_ACCEPT,3,majority_agreement,0.3333,,s000024_99ab1380\human_srs_review_1.md;s000024_99ab1380\human_srs_review_2.md;s000024_99ab1380\human_srs_review_3.md
s000024_99ab1380,R002,unsupported_claim,major,PARTIAL_ACCEPT,ACCEPT,PARTIAL_ACCEPT,3,majority_agreement,0.3333,,s000024_99ab1380\human_srs_review_1.md;s000024_99ab1380\human_srs_review_2.md;s000024_99ab1380\human_srs_review_3.md
s000024_99ab1380,R003,contradiction,minor,ACCEPT,ACCEPT,ACCEPT,3,full_agreement,1.0000,,s000024_99ab1380\human_srs_review_1.md;s000024_99ab1380\human_srs_review_2.md;s000024_99ab1380\human_srs_review_3.md
s000024_99ab1380,R004,scope,major,ACCEPT,ACCEPT,ACCEPT,3,full_agreement,1.0000,,s000024_99ab1380\human_srs_review_1.md;s000024_99ab1380\human_srs_review_2.md;s000024_99ab1380\human_srs_review_3.md
s000024_99ab1380,R005,non_verifiable,minor,REJECT,REJECT,REJECT,3,full_agreement,1.0000,,s000024_99ab1380\human_srs_review_1.md;s000024_99ab1380\human_srs_review_2.md;s000024_99ab1380\human_srs_review_3.md
s000024_99ab1380,R006,traceability,minor,REJECT,REJECT,REJECT,3,full_agreement,1.0000,,s000024_99ab1380\human_srs_review_1.md;s000024_99ab1380\human_srs_review_2.md;s000024_99ab1380\human_srs_review_3.md
s000025_9ba1413f,R001,unsupported_claim,major,REJECT,REJECT,REJECT,3,full_agreement,1.0000,,s000025_9ba1413f\human_srs_review_1.md;s000025_9ba1413f\human_srs_review_2.md;s000025_9ba1413f\human_srs_review_3.md
s000025_9ba1413f,R002,unsupported_claim,major,PARTIAL_ACCEPT,PARTIAL_ACCEPT,PARTIAL_ACCEPT,3,full_agreement,1.0000,,s000025_9ba1413f\human_srs_review_1.md;s000025_9ba1413f\human_srs_review_2.md;s000025_9ba1413f\human_srs_review_3.md
s000025_9ba1413f,R003,ambiguity,minor,REJECT,REJECT,REJECT,3,full_agreement,1.0000,,s000025_9ba1413f\human_srs_review_1.md;s000025_9ba1413f\human_srs_review_2.md;s000025_9ba1413f\human_srs_review_3.md
s000025_9ba1413f,R004,non_verifiable,minor,PARTIAL_ACCEPT,PARTIAL_ACCEPT,PARTIAL_ACCEPT,3,full_agreement,1.0000,,s000025_9ba1413f\human_srs_review_1.md;s000025_9ba1413f\human_srs_review_2.md;s000025_9ba1413f\human_srs_review_3.md
s000025_9ba1413f,R005,architecture_detail,minor,ACCEPT,ACCEPT,ACCEPT,3,full_agreement,1.0000,,s000025_9ba1413f\human_srs_review_1.md;s000025_9ba1413f\human_srs_review_2.md;s000025_9ba1413f\human_srs_review_3.md
s000025_9ba1413f,R006,traceability,minor,REJECT,REJECT,REJECT,3,full_agreement,1.0000,,s000025_9ba1413f\human_srs_review_1.md;s000025_9ba1413f\human_srs_review_2.md;s000025_9ba1413f\human_srs_review_3.md
s000026_5d153cf4,R001,traceability,major,PARTIAL_ACCEPT,ACCEPT,PARTIAL_ACCEPT,3,majority_agreement,0.3333,,s000026_5d153cf4\human_srs_review_1.md;s000026_5d153cf4\human_srs_review_2.md;s000026_5d153cf4\human_srs_review_3.md
s000026_5d153cf4,R002,missing_requirement,minor,ACCEPT,ACCEPT,ACCEPT,3,full_agreement,1.0000,,s000026_5d153cf4\human_srs_review_1.md;s000026_5d153cf4\human_srs_review_2.md;s000026_5d153cf4\human_srs_review_3.md
s000026_5d153cf4,R003,architecture_detail,major,REJECT,REJECT,REJECT,3,full_agreement,1.0000,,s000026_5d153cf4\human_srs_review_1.md;s000026_5d153cf4\human_srs_review_2.md;s000026_5d153cf4\human_srs_review_3.md
s000026_5d153cf4,R004,non_verifiable,minor,ACCEPT,ACCEPT,ACCEPT,3,full_agreement,1.0000,,s000026_5d153cf4\human_srs_review_1.md;s000026_5d153cf4\human_srs_review_2.md;s000026_5d153cf4\human_srs_review_3.md
s000026_5d153cf4,R005,ambiguity,minor,ACCEPT,ACCEPT,REJECT,3,majority_agreement,0.3333,,s000026_5d153cf4\human_srs_review_1.md;s000026_5d153cf4\human_srs_review_2.md;s000026_5d153cf4\human_srs_review_3.md
s000026_5d153cf4,R006,missing_requirement,minor,REJECT,REJECT,REJECT,3,full_agreement,1.0000,,s000026_5d153cf4\human_srs_review_1.md;s000026_5d153cf4\human_srs_review_2.md;s000026_5d153cf4\human_srs_review_3.md
s000028_3e80e738,R001,contradiction,major,PARTIAL_ACCEPT,PARTIAL_ACCEPT,PARTIAL_ACCEPT,3,full_agreement,1.0000,,s000028_3e80e738\human_srs_review_1.md;s000028_3e80e738\human_srs_review_2.md;s000028_3e80e738\human_srs_review_3.md
s000028_3e80e738,R002,unsupported_claim,minor,REJECT,REJECT,REJECT,3,full_agreement,1.0000,,s000028_3e80e738\human_srs_review_1.md;s000028_3e80e738\human_srs_review_2.md;s000028_3e80e738\human_srs_review_3.md
s000028_3e80e738,R003,non_verifiable,minor,ACCEPT,ACCEPT,ACCEPT,3,full_agreement,1.0000,,s000028_3e80e738\human_srs_review_1.md;s000028_3e80e738\human_srs_review_2.md;s000028_3e80e738\human_srs_review_3.md
s000028_3e80e738,R004,scope,minor,ACCEPT,ACCEPT,ACCEPT,3,full_agreement,1.0000,,s000028_3e80e738\human_srs_review_1.md;s000028_3e80e738\human_srs_review_2.md;s000028_3e80e738\human_srs_review_3.md
s000028_3e80e738,R005,architecture_detail,minor,PARTIAL_ACCEPT,PARTIAL_ACCEPT,PARTIAL_ACCEPT,3,full_agreement,1.0000,,s000028_3e80e738\human_srs_review_1.md;s000028_3e80e738\human_srs_review_2.md;s000028_3e80e738\human_srs_review_3.md
s000028_3e80e738,R006,traceability,minor,REJECT,REJECT,REJECT,3,full_agreement,1.0000,,s000028_3e80e738\human_srs_review_1.md;s000028_3e80e738\human_srs_review_2.md;s000028_3e80e738\human_srs_review_3.md
s000032_0a49a326,R001,scope,major,ACCEPT,ACCEPT,PARTIAL_ACCEPT,3,majority_agreement,0.3333,,s000032_0a49a326\human_srs_review_1.md;s000032_0a49a326\human_srs_review_2.md;s000032_0a49a326\human_srs_review_3.md
s000032_0a49a326,R002,unsupported_claim,major,ACCEPT,ACCEPT,ACCEPT,3,full_agreement,1.0000,,s000032_0a49a326\human_srs_review_1.md;s000032_0a49a326\human_srs_review_2.md;s000032_0a49a326\human_srs_review_3.md
s000032_0a49a326,R003,non_verifiable,minor,ACCEPT,ACCEPT,ACCEPT,3,full_agreement,1.0000,,s000032_0a49a326\human_srs_review_1.md;s000032_0a49a326\human_srs_review_2.md;s000032_0a49a326\human_srs_review_3.md
s000032_0a49a326,R004,traceability,minor,ACCEPT,ACCEPT,ACCEPT,3,full_agreement,1.0000,,s000032_0a49a326\human_srs_review_1.md;s000032_0a49a326\human_srs_review_2.md;s000032_0a49a326\human_srs_review_3.md
s000032_0a49a326,R005,architecture_detail,minor,ACCEPT,ACCEPT,ACCEPT,3,full_agreement,1.0000,,s000032_0a49a326\human_srs_review_1.md;s000032_0a49a326\human_srs_review_2.md;s000032_0a49a326\human_srs_review_3.md
s000032_0a49a326,R006,ambiguity,minor,PARTIAL_ACCEPT,PARTIAL_ACCEPT,PARTIAL_ACCEPT,3,full_agreement,1.0000,,s000032_0a49a326\human_srs_review_1.md;s000032_0a49a326\human_srs_review_2.md;s000032_0a49a326\human_srs_review_3.md
s000033_b99c1106,R001,scope,major,PARTIAL_ACCEPT,ACCEPT,PARTIAL_ACCEPT,3,majority_agreement,0.3333,,s000033_b99c1106\human_srs_review_1.md;s000033_b99c1106\human_srs_review_2.md;s000033_b99c1106\human_srs_review_3.md
s000033_b99c1106,R002,missing_requirement,major,ACCEPT,PARTIAL_ACCEPT,PARTIAL_ACCEPT,3,majority_agreement,0.3333,,s000033_b99c1106\human_srs_review_1.md;s000033_b99c1106\human_srs_review_2.md;s000033_b99c1106\human_srs_review_3.md
s000033_b99c1106,R003,traceability,minor,PARTIAL_ACCEPT,ACCEPT,PARTIAL_ACCEPT,3,majority_agreement,0.3333,,s000033_b99c1106\human_srs_review_1.md;s000033_b99c1106\human_srs_review_2.md;s000033_b99c1106\human_srs_review_3.md
s000033_b99c1106,R004,non_verifiable,minor,ACCEPT,ACCEPT,ACCEPT,3,full_agreement,1.0000,,s000033_b99c1106\human_srs_review_1.md;s000033_b99c1106\human_srs_review_2.md;s000033_b99c1106\human_srs_review_3.md
s000033_b99c1106,R005,architecture_detail,minor,ACCEPT,ACCEPT,ACCEPT,3,full_agreement,1.0000,,s000033_b99c1106\human_srs_review_1.md;s000033_b99c1106\human_srs_review_2.md;s000033_b99c1106\human_srs_review_3.md
s000034_43fffc9f,R001,architecture_detail,minor,REJECT,REJECT,REJECT,3,full_agreement,1.0000,,s000034_43fffc9f\human_srs_review_1.md;s000034_43fffc9f\human_srs_review_2.md;s000034_43fffc9f\human_srs_review_3.md
s000034_43fffc9f,R002,unsupported_claim,major,REJECT,REJECT,REJECT,3,full_agreement,1.0000,,s000034_43fffc9f\human_srs_review_1.md;s000034_43fffc9f\human_srs_review_2.md;s000034_43fffc9f\human_srs_review_3.md
s000034_43fffc9f,R003,ambiguity,major,PARTIAL_ACCEPT,PARTIAL_ACCEPT,PARTIAL_ACCEPT,3,full_agreement,1.0000,,s000034_43fffc9f\human_srs_review_1.md;s000034_43fffc9f\human_srs_review_2.md;s000034_43fffc9f\human_srs_review_3.md
s000034_43fffc9f,R004,traceability,minor,ACCEPT,ACCEPT,ACCEPT,3,full_agreement,1.0000,,s000034_43fffc9f\human_srs_review_1.md;s000034_43fffc9f\human_srs_review_2.md;s000034_43fffc9f\human_srs_review_3.md
s000034_43fffc9f,R005,unsupported_claim,minor,REJECT,REJECT,REJECT,3,full_agreement,1.0000,,s000034_43fffc9f\human_srs_review_1.md;s000034_43fffc9f\human_srs_review_2.md;s000034_43fffc9f\human_srs_review_3.md
s000034_43fffc9f,R006,scope,minor,ACCEPT,ACCEPT,ACCEPT,3,full_agreement,1.0000,,s000034_43fffc9f\human_srs_review_1.md;s000034_43fffc9f\human_srs_review_2.md;s000034_43fffc9f\human_srs_review_3.md
s000034_43fffc9f,R007,non_verifiable,minor,ACCEPT,ACCEPT,ACCEPT,3,full_agreement,1.0000,,s000034_43fffc9f\human_srs_review_1.md;s000034_43fffc9f\human_srs_review_2.md;s000034_43fffc9f\human_srs_review_3.md
s000036_b0b48363,R001,unsupported_claim,major,PARTIAL_ACCEPT,PARTIAL_ACCEPT,PARTIAL_ACCEPT,3,full_agreement,1.0000,,s000036_b0b48363\human_srs_review_1.md;s000036_b0b48363\human_srs_review_2.md;s000036_b0b48363\human_srs_review_3.md
s000036_b0b48363,R002,missing_requirement,major,ACCEPT,ACCEPT,ACCEPT,3,full_agreement,1.0000,,s000036_b0b48363\human_srs_review_1.md;s000036_b0b48363\human_srs_review_2.md;s000036_b0b48363\human_srs_review_3.md
s000036_b0b48363,R003,scope,minor,ACCEPT,ACCEPT,ACCEPT,3,full_agreement,1.0000,,s000036_b0b48363\human_srs_review_1.md;s000036_b0b48363\human_srs_review_2.md;s000036_b0b48363\human_srs_review_3.md
s000036_b0b48363,R004,non_verifiable,minor,PARTIAL_ACCEPT,PARTIAL_ACCEPT,PARTIAL_ACCEPT,3,full_agreement,1.0000,,s000036_b0b48363\human_srs_review_1.md;s000036_b0b48363\human_srs_review_2.md;s000036_b0b48363\human_srs_review_3.md
s000036_b0b48363,R005,traceability,minor,ACCEPT,ACCEPT,ACCEPT,3,full_agreement,1.0000,,s000036_b0b48363\human_srs_review_1.md;s000036_b0b48363\human_srs_review_2.md;s000036_b0b48363\human_srs_review_3.md
s000036_b0b48363,R006,ambiguity,minor,ACCEPT,PARTIAL_ACCEPT,ACCEPT,3,majority_agreement,0.3333,,s000036_b0b48363\human_srs_review_1.md;s000036_b0b48363\human_srs_review_2.md;s000036_b0b48363\human_srs_review_3.md
s000037_396c6313,R001,unsupported_claim,major,PARTIAL_ACCEPT,PARTIAL_ACCEPT,PARTIAL_ACCEPT,3,full_agreement,1.0000,,s000037_396c6313\human_srs_review_1.md;s000037_396c6313\human_srs_review_2.md;s000037_396c6313\human_srs_review_3.md
s000037_396c6313,R002,architecture_detail,major,REJECT,REJECT,REJECT,3,full_agreement,1.0000,,s000037_396c6313\human_srs_review_1.md;s000037_396c6313\human_srs_review_2.md;s000037_396c6313\human_srs_review_3.md
s000037_396c6313,R003,ambiguity,minor,ACCEPT,ACCEPT,ACCEPT,3,full_agreement,1.0000,,s000037_396c6313\human_srs_review_1.md;s000037_396c6313\human_srs_review_2.md;s000037_396c6313\human_srs_review_3.md
s000037_396c6313,R004,traceability,minor,REJECT,REJECT,REJECT,3,full_agreement,1.0000,,s000037_396c6313\human_srs_review_1.md;s000037_396c6313\human_srs_review_2.md;s000037_396c6313\human_srs_review_3.md
s000037_396c6313,R005,missing_requirement,minor,ACCEPT,ACCEPT,ACCEPT,3,full_agreement,1.0000,,s000037_396c6313\human_srs_review_1.md;s000037_396c6313\human_srs_review_2.md;s000037_396c6313\human_srs_review_3.md
s000037_396c6313,R006,scope,minor,ACCEPT,ACCEPT,ACCEPT,3,full_agreement,1.0000,,s000037_396c6313\human_srs_review_1.md;s000037_396c6313\human_srs_review_2.md;s000037_396c6313\human_srs_review_3.md
s000037_396c6313,R007,non_verifiable,minor,ACCEPT,ACCEPT,ACCEPT,3,full_agreement,1.0000,,s000037_396c6313\human_srs_review_1.md;s000037_396c6313\human_srs_review_2.md;s000037_396c6313\human_srs_review_3.md
s000038_2c7731fc,R001,traceability,major,PARTIAL_ACCEPT,ACCEPT,PARTIAL_ACCEPT,3,majority_agreement,0.3333,,s000038_2c7731fc\human_srs_review_1.md;s000038_2c7731fc\human_srs_review_2.md;s000038_2c7731fc\human_srs_review_3.md
s000038_2c7731fc,R002,unsupported_claim,major,ACCEPT,ACCEPT,ACCEPT,3,full_agreement,1.0000,,s000038_2c7731fc\human_srs_review_1.md;s000038_2c7731fc\human_srs_review_2.md;s000038_2c7731fc\human_srs_review_3.md
s000038_2c7731fc,R003,scope,major,PARTIAL_ACCEPT,ACCEPT,PARTIAL_ACCEPT,3,majority_agreement,0.3333,,s000038_2c7731fc\human_srs_review_1.md;s000038_2c7731fc\human_srs_review_2.md;s000038_2c7731fc\human_srs_review_3.md
s000038_2c7731fc,R004,non_verifiable,minor,ACCEPT,ACCEPT,ACCEPT,3,full_agreement,1.0000,,s000038_2c7731fc\human_srs_review_1.md;s000038_2c7731fc\human_srs_review_2.md;s000038_2c7731fc\human_srs_review_3.md
s000038_2c7731fc,R005,missing_requirement,minor,ACCEPT,ACCEPT,ACCEPT,3,full_agreement,1.0000,,s000038_2c7731fc\human_srs_review_1.md;s000038_2c7731fc\human_srs_review_2.md;s000038_2c7731fc\human_srs_review_3.md
s000038_2c7731fc,R006,architecture_detail,minor,REJECT,REJECT,REJECT,3,full_agreement,1.0000,,s000038_2c7731fc\human_srs_review_1.md;s000038_2c7731fc\human_srs_review_2.md;s000038_2c7731fc\human_srs_review_3.md
s000038_2c7731fc,R007,ambiguity,minor,ACCEPT,ACCEPT,ACCEPT,3,full_agreement,1.0000,,s000038_2c7731fc\human_srs_review_1.md;s000038_2c7731fc\human_srs_review_2.md;s000038_2c7731fc\human_srs_review_3.md
s000040_337afcbb,R001,architecture_detail,major,ACCEPT,ACCEPT,ACCEPT,3,full_agreement,1.0000,,s000040_337afcbb\human_srs_review_1.md;s000040_337afcbb\human_srs_review_2.md;s000040_337afcbb\human_srs_review_3.md
s000040_337afcbb,R002,unsupported_claim,major,ACCEPT,ACCEPT,ACCEPT,3,full_agreement,1.0000,,s000040_337afcbb\human_srs_review_1.md;s000040_337afcbb\human_srs_review_2.md;s000040_337afcbb\human_srs_review_3.md
s000040_337afcbb,R003,non_verifiable,major,PARTIAL_ACCEPT,PARTIAL_ACCEPT,PARTIAL_ACCEPT,3,full_agreement,1.0000,,s000040_337afcbb\human_srs_review_1.md;s000040_337afcbb\human_srs_review_2.md;s000040_337afcbb\human_srs_review_3.md
s000040_337afcbb,R004,ambiguity,minor,ACCEPT,ACCEPT,ACCEPT,3,full_agreement,1.0000,,s000040_337afcbb\human_srs_review_1.md;s000040_337afcbb\human_srs_review_2.md;s000040_337afcbb\human_srs_review_3.md
s000040_337afcbb,R005,missing_requirement,minor,ACCEPT,ACCEPT,ACCEPT,3,full_agreement,1.0000,,s000040_337afcbb\human_srs_review_1.md;s000040_337afcbb\human_srs_review_2.md;s000040_337afcbb\human_srs_review_3.md
s000040_337afcbb,R006,scope,minor,ACCEPT,ACCEPT,ACCEPT,3,full_agreement,1.0000,,s000040_337afcbb\human_srs_review_1.md;s000040_337afcbb\human_srs_review_2.md;s000040_337afcbb\human_srs_review_3.md
s000040_337afcbb,R007,traceability,minor,ACCEPT,ACCEPT,ACCEPT,3,full_agreement,1.0000,,s000040_337afcbb\human_srs_review_1.md;s000040_337afcbb\human_srs_review_2.md;s000040_337afcbb\human_srs_review_3.md
s000040_337afcbb,R008,non_verifiable,minor,ACCEPT,ACCEPT,ACCEPT,3,full_agreement,1.0000,,s000040_337afcbb\human_srs_review_1.md;s000040_337afcbb\human_srs_review_2.md;s000040_337afcbb\human_srs_review_3.md
s000045_597bf972,R001,scope,major,ACCEPT,ACCEPT,ACCEPT,3,full_agreement,1.0000,,s000045_597bf972\human_srs_review_1.md;s000045_597bf972\human_srs_review_2.md;s000045_597bf972\human_srs_review_3.md
s000045_597bf972,R002,non_verifiable,major,ACCEPT,ACCEPT,ACCEPT,3,full_agreement,1.0000,,s000045_597bf972\human_srs_review_1.md;s000045_597bf972\human_srs_review_2.md;s000045_597bf972\human_srs_review_3.md
s000045_597bf972,R003,unsupported_claim,minor,PARTIAL_ACCEPT,PARTIAL_ACCEPT,PARTIAL_ACCEPT,3,full_agreement,1.0000,,s000045_597bf972\human_srs_review_1.md;s000045_597bf972\human_srs_review_2.md;s000045_597bf972\human_srs_review_3.md
s000045_597bf972,R004,unsupported_claim,minor,REJECT,REJECT,REJECT,3,full_agreement,1.0000,,s000045_597bf972\human_srs_review_1.md;s000045_597bf972\human_srs_review_2.md;s000045_597bf972\human_srs_review_3.md
s000045_597bf972,R005,traceability,minor,ACCEPT,ACCEPT,ACCEPT,3,full_agreement,1.0000,,s000045_597bf972\human_srs_review_1.md;s000045_597bf972\human_srs_review_2.md;s000045_597bf972\human_srs_review_3.md
s000045_597bf972,R006,ambiguity,minor,ACCEPT,ACCEPT,ACCEPT,3,full_agreement,1.0000,,s000045_597bf972\human_srs_review_1.md;s000045_597bf972\human_srs_review_2.md;s000045_597bf972\human_srs_review_3.md
s000047_f269f85a,R001,scope,major,ACCEPT,ACCEPT,ACCEPT,3,full_agreement,1.0000,,s000047_f269f85a\human_srs_review_1.md;s000047_f269f85a\human_srs_review_2.md;s000047_f269f85a\human_srs_review_3.md
s000047_f269f85a,R002,unsupported_claim,major,ACCEPT,ACCEPT,ACCEPT,3,full_agreement,1.0000,,s000047_f269f85a\human_srs_review_1.md;s000047_f269f85a\human_srs_review_2.md;s000047_f269f85a\human_srs_review_3.md
s000047_f269f85a,R003,ambiguity,minor,ACCEPT,ACCEPT,ACCEPT,3,full_agreement,1.0000,,s000047_f269f85a\human_srs_review_1.md;s000047_f269f85a\human_srs_review_2.md;s000047_f269f85a\human_srs_review_3.md
s000047_f269f85a,R004,non_verifiable,minor,ACCEPT,ACCEPT,ACCEPT,3,full_agreement,1.0000,,s000047_f269f85a\human_srs_review_1.md;s000047_f269f85a\human_srs_review_2.md;s000047_f269f85a\human_srs_review_3.md
s000047_f269f85a,R005,unsupported_claim,minor,REJECT,REJECT,REJECT,3,full_agreement,1.0000,,s000047_f269f85a\human_srs_review_1.md;s000047_f269f85a\human_srs_review_2.md;s000047_f269f85a\human_srs_review_3.md
s000047_f269f85a,R006,traceability,minor,ACCEPT,ACCEPT,ACCEPT,3,full_agreement,1.0000,,s000047_f269f85a\human_srs_review_1.md;s000047_f269f85a\human_srs_review_2.md;s000047_f269f85a\human_srs_review_3.md
s000047_f269f85a,R007,non_verifiable,minor,REJECT,REJECT,REJECT,3,full_agreement,1.0000,,s000047_f269f85a\human_srs_review_1.md;s000047_f269f85a\human_srs_review_2.md;s000047_f269f85a\human_srs_review_3.md
s000047_f269f85a,R008,architecture_detail,minor,REJECT,REJECT,REJECT,3,full_agreement,1.0000,,s000047_f269f85a\human_srs_review_1.md;s000047_f269f85a\human_srs_review_2.md;s000047_f269f85a\human_srs_review_3.md
s000049_a71048ac,R001,traceability,minor,ACCEPT,ACCEPT,ACCEPT,3,full_agreement,1.0000,,s000049_a71048ac\human_srs_review_1.md;s000049_a71048ac\human_srs_review_2.md;s000049_a71048ac\human_srs_review_3.md
s000049_a71048ac,R002,missing_requirement,minor,ACCEPT,ACCEPT,ACCEPT,3,full_agreement,1.0000,,s000049_a71048ac\human_srs_review_1.md;s000049_a71048ac\human_srs_review_2.md;s000049_a71048ac\human_srs_review_3.md
s000049_a71048ac,R003,ambiguity,minor,ACCEPT,ACCEPT,ACCEPT,3,full_agreement,1.0000,,s000049_a71048ac\human_srs_review_1.md;s000049_a71048ac\human_srs_review_2.md;s000049_a71048ac\human_srs_review_3.md
s000049_a71048ac,R004,non_verifiable,minor,ACCEPT,ACCEPT,ACCEPT,3,full_agreement,1.0000,,s000049_a71048ac\human_srs_review_1.md;s000049_a71048ac\human_srs_review_2.md;s000049_a71048ac\human_srs_review_3.md
s000049_a71048ac,R005,architecture_detail,minor,REJECT,REJECT,REJECT,3,full_agreement,1.0000,,s000049_a71048ac\human_srs_review_1.md;s000049_a71048ac\human_srs_review_2.md;s000049_a71048ac\human_srs_review_3.md
s000049_a71048ac,R006,traceability,minor,ACCEPT,PARTIAL_ACCEPT,ACCEPT,3,majority_agreement,0.3333,,s000049_a71048ac\human_srs_review_1.md;s000049_a71048ac\human_srs_review_2.md;s000049_a71048ac\human_srs_review_3.md
s000049_a71048ac,R007,scope,minor,REJECT,REJECT,REJECT,3,full_agreement,1.0000,,s000049_a71048ac\human_srs_review_1.md;s000049_a71048ac\human_srs_review_2.md;s000049_a71048ac\human_srs_review_3.md
s000050_275af3e0,R001,scope,major,ACCEPT,ACCEPT,ACCEPT,3,full_agreement,1.0000,,s000050_275af3e0\human_srs_review_1.md;s000050_275af3e0\human_srs_review_2.md;s000050_275af3e0\human_srs_review_3.md
s000050_275af3e0,R002,architecture_detail,major,ACCEPT,PARTIAL_ACCEPT,ACCEPT,3,majority_agreement,0.3333,,s000050_275af3e0\human_srs_review_1.md;s000050_275af3e0\human_srs_review_2.md;s000050_275af3e0\human_srs_review_3.md
s000050_275af3e0,R003,traceability,major,REJECT,REJECT,REJECT,3,full_agreement,1.0000,,s000050_275af3e0\human_srs_review_1.md;s000050_275af3e0\human_srs_review_2.md;s000050_275af3e0\human_srs_review_3.md
s000050_275af3e0,R004,ambiguity,minor,REJECT,REJECT,REJECT,3,full_agreement,1.0000,,s000050_275af3e0\human_srs_review_1.md;s000050_275af3e0\human_srs_review_2.md;s000050_275af3e0\human_srs_review_3.md
s000050_275af3e0,R005,unsupported_claim,minor,PARTIAL_ACCEPT,PARTIAL_ACCEPT,ACCEPT,3,majority_agreement,0.3333,,s000050_275af3e0\human_srs_review_1.md;s000050_275af3e0\human_srs_review_2.md;s000050_275af3e0\human_srs_review_3.md
s000050_275af3e0,R006,missing_requirement,minor,REJECT,REJECT,REJECT,3,full_agreement,1.0000,,s000050_275af3e0\human_srs_review_1.md;s000050_275af3e0\human_srs_review_2.md;s000050_275af3e0\human_srs_review_3.md
s000050_275af3e0,R007,non_verifiable,minor,ACCEPT,ACCEPT,ACCEPT,3,full_agreement,1.0000,,s000050_275af3e0\human_srs_review_1.md;s000050_275af3e0\human_srs_review_2.md;s000050_275af3e0\human_srs_review_3.md
s000053_ec192d86,R001,non_verifiable,major,ACCEPT,ACCEPT,ACCEPT,3,full_agreement,1.0000,,s000053_ec192d86\human_srs_review_1.md;s000053_ec192d86\human_srs_review_2.md;s000053_ec192d86\human_srs_review_3.md
s000053_ec192d86,R002,scope,major,REJECT,REJECT,REJECT,3,full_agreement,1.0000,,s000053_ec192d86\human_srs_review_1.md;s000053_ec192d86\human_srs_review_2.md;s000053_ec192d86\human_srs_review_3.md
s000053_ec192d86,R003,unsupported_claim,minor,PARTIAL_ACCEPT,ACCEPT,PARTIAL_ACCEPT,3,majority_agreement,0.3333,,s000053_ec192d86\human_srs_review_1.md;s000053_ec192d86\human_srs_review_2.md;s000053_ec192d86\human_srs_review_3.md
s000053_ec192d86,R004,missing_requirement,minor,ACCEPT,ACCEPT,ACCEPT,3,full_agreement,1.0000,,s000053_ec192d86\human_srs_review_1.md;s000053_ec192d86\human_srs_review_2.md;s000053_ec192d86\human_srs_review_3.md
s000053_ec192d86,R005,architecture_detail,minor,ACCEPT,ACCEPT,ACCEPT,3,full_agreement,1.0000,,s000053_ec192d86\human_srs_review_1.md;s000053_ec192d86\human_srs_review_2.md;s000053_ec192d86\human_srs_review_3.md
s000053_ec192d86,R006,traceability,minor,REJECT,REJECT,REJECT,3,full_agreement,1.0000,,s000053_ec192d86\human_srs_review_1.md;s000053_ec192d86\human_srs_review_2.md;s000053_ec192d86\human_srs_review_3.md
s000054_5d13634b,R001,unsupported_claim,major,PARTIAL_ACCEPT,PARTIAL_ACCEPT,REJECT,3,majority_agreement,0.3333,,s000054_5d13634b\human_srs_review_1.md;s000054_5d13634b\human_srs_review_2.md;s000054_5d13634b\human_srs_review_3.md
s000054_5d13634b,R002,unsupported_claim,major,ACCEPT,ACCEPT,ACCEPT,3,full_agreement,1.0000,,s000054_5d13634b\human_srs_review_1.md;s000054_5d13634b\human_srs_review_2.md;s000054_5d13634b\human_srs_review_3.md
s000054_5d13634b,R003,scope,major,ACCEPT,ACCEPT,ACCEPT,3,full_agreement,1.0000,,s000054_5d13634b\human_srs_review_1.md;s000054_5d13634b\human_srs_review_2.md;s000054_5d13634b\human_srs_review_3.md
s000054_5d13634b,R004,traceability,minor,REJECT,REJECT,REJECT,3,full_agreement,1.0000,,s000054_5d13634b\human_srs_review_1.md;s000054_5d13634b\human_srs_review_2.md;s000054_5d13634b\human_srs_review_3.md
s000054_5d13634b,R005,architecture_detail,major,ACCEPT,ACCEPT,ACCEPT,3,full_agreement,1.0000,,s000054_5d13634b\human_srs_review_1.md;s000054_5d13634b\human_srs_review_2.md;s000054_5d13634b\human_srs_review_3.md
s000054_5d13634b,R006,non_verifiable,minor,ACCEPT,ACCEPT,ACCEPT,3,full_agreement,1.0000,,s000054_5d13634b\human_srs_review_1.md;s000054_5d13634b\human_srs_review_2.md;s000054_5d13634b\human_srs_review_3.md
s000054_5d13634b,R007,ambiguity,minor,REJECT,REJECT,REJECT,3,full_agreement,1.0000,,s000054_5d13634b\human_srs_review_1.md;s000054_5d13634b\human_srs_review_2.md;s000054_5d13634b\human_srs_review_3.md
s000055_6ea7621c,R001,contradiction,major,ACCEPT,ACCEPT,ACCEPT,3,full_agreement,1.0000,,s000055_6ea7621c\human_srs_review_1.md;s000055_6ea7621c\human_srs_review_2.md;s000055_6ea7621c\human_srs_review_3.md
s000055_6ea7621c,R002,missing_requirement,minor,ACCEPT,ACCEPT,ACCEPT,3,full_agreement,1.0000,,s000055_6ea7621c\human_srs_review_1.md;s000055_6ea7621c\human_srs_review_2.md;s000055_6ea7621c\human_srs_review_3.md
s000055_6ea7621c,R003,non_verifiable,minor,ACCEPT,ACCEPT,ACCEPT,3,full_agreement,1.0000,,s000055_6ea7621c\human_srs_review_1.md;s000055_6ea7621c\human_srs_review_2.md;s000055_6ea7621c\human_srs_review_3.md
s000055_6ea7621c,R004,unsupported_claim,minor,ACCEPT,ACCEPT,ACCEPT,3,full_agreement,1.0000,,s000055_6ea7621c\human_srs_review_1.md;s000055_6ea7621c\human_srs_review_2.md;s000055_6ea7621c\human_srs_review_3.md
s000055_6ea7621c,R005,traceability,minor,REJECT,REJECT,REJECT,3,full_agreement,1.0000,,s000055_6ea7621c\human_srs_review_1.md;s000055_6ea7621c\human_srs_review_2.md;s000055_6ea7621c\human_srs_review_3.md
s000055_6ea7621c,R006,architecture_detail,minor,ACCEPT,ACCEPT,ACCEPT,3,full_agreement,1.0000,,s000055_6ea7621c\human_srs_review_1.md;s000055_6ea7621c\human_srs_review_2.md;s000055_6ea7621c\human_srs_review_3.md
s000055_6ea7621c,R007,ambiguity,minor,ACCEPT,ACCEPT,ACCEPT,3,full_agreement,1.0000,,s000055_6ea7621c\human_srs_review_1.md;s000055_6ea7621c\human_srs_review_2.md;s000055_6ea7621c\human_srs_review_3.md
s000056_78d18331,R001,contradiction,critical,ACCEPT,ACCEPT,ACCEPT,3,full_agreement,1.0000,,s000056_78d18331\human_srs_review_1.md;s000056_78d18331\human_srs_review_2.md;s000056_78d18331\human_srs_review_3.md
s000056_78d18331,R002,traceability,major,ACCEPT,ACCEPT,ACCEPT,3,full_agreement,1.0000,,s000056_78d18331\human_srs_review_1.md;s000056_78d18331\human_srs_review_2.md;s000056_78d18331\human_srs_review_3.md
s000056_78d18331,R003,scope,major,ACCEPT,PARTIAL_ACCEPT,PARTIAL_ACCEPT,3,majority_agreement,0.3333,,s000056_78d18331\human_srs_review_1.md;s000056_78d18331\human_srs_review_2.md;s000056_78d18331\human_srs_review_3.md
s000056_78d18331,R004,non_verifiable,minor,ACCEPT,ACCEPT,PARTIAL_ACCEPT,3,majority_agreement,0.3333,,s000056_78d18331\human_srs_review_1.md;s000056_78d18331\human_srs_review_2.md;s000056_78d18331\human_srs_review_3.md
s000056_78d18331,R005,architecture_detail,minor,REJECT,REJECT,REJECT,3,full_agreement,1.0000,,s000056_78d18331\human_srs_review_1.md;s000056_78d18331\human_srs_review_2.md;s000056_78d18331\human_srs_review_3.md
s000056_78d18331,R006,traceability,minor,ACCEPT,ACCEPT,ACCEPT,3,full_agreement,1.0000,,s000056_78d18331\human_srs_review_1.md;s000056_78d18331\human_srs_review_2.md;s000056_78d18331\human_srs_review_3.md
s000057_94d93adc,R001,unsupported_claim,major,ACCEPT,ACCEPT,ACCEPT,3,full_agreement,1.0000,,s000057_94d93adc\human_srs_review_1.md;s000057_94d93adc\human_srs_review_2.md;s000057_94d93adc\human_srs_review_3.md
s000057_94d93adc,R002,non_verifiable,major,ACCEPT,ACCEPT,ACCEPT,3,full_agreement,1.0000,,s000057_94d93adc\human_srs_review_1.md;s000057_94d93adc\human_srs_review_2.md;s000057_94d93adc\human_srs_review_3.md
s000057_94d93adc,R003,traceability,minor,ACCEPT,ACCEPT,PARTIAL_ACCEPT,3,majority_agreement,0.3333,,s000057_94d93adc\human_srs_review_1.md;s000057_94d93adc\human_srs_review_2.md;s000057_94d93adc\human_srs_review_3.md
s000057_94d93adc,R004,unsupported_claim,minor,PARTIAL_ACCEPT,PARTIAL_ACCEPT,PARTIAL_ACCEPT,3,full_agreement,1.0000,,s000057_94d93adc\human_srs_review_1.md;s000057_94d93adc\human_srs_review_2.md;s000057_94d93adc\human_srs_review_3.md
s000057_94d93adc,R005,architecture_detail,minor,ACCEPT,ACCEPT,ACCEPT,3,full_agreement,1.0000,,s000057_94d93adc\human_srs_review_1.md;s000057_94d93adc\human_srs_review_2.md;s000057_94d93adc\human_srs_review_3.md
s000057_94d93adc,R006,ambiguity,minor,ACCEPT,ACCEPT,ACCEPT,3,full_agreement,1.0000,,s000057_94d93adc\human_srs_review_1.md;s000057_94d93adc\human_srs_review_2.md;s000057_94d93adc\human_srs_review_3.md
s000058_3ebb884d,R001,unsupported_claim,major,ACCEPT,ACCEPT,ACCEPT,3,full_agreement,1.0000,,s000058_3ebb884d\human_srs_review_1.md;s000058_3ebb884d\human_srs_review_2.md;s000058_3ebb884d\human_srs_review_3.md
s000058_3ebb884d,R002,architecture_detail,major,ACCEPT,ACCEPT,ACCEPT,3,full_agreement,1.0000,,s000058_3ebb884d\human_srs_review_1.md;s000058_3ebb884d\human_srs_review_2.md;s000058_3ebb884d\human_srs_review_3.md
s000058_3ebb884d,R003,unsupported_claim,minor,ACCEPT,ACCEPT,ACCEPT,3,full_agreement,1.0000,,s000058_3ebb884d\human_srs_review_1.md;s000058_3ebb884d\human_srs_review_2.md;s000058_3ebb884d\human_srs_review_3.md
s000058_3ebb884d,R004,ambiguity,minor,ACCEPT,ACCEPT,ACCEPT,3,full_agreement,1.0000,,s000058_3ebb884d\human_srs_review_1.md;s000058_3ebb884d\human_srs_review_2.md;s000058_3ebb884d\human_srs_review_3.md
s000058_3ebb884d,R005,traceability,minor,REJECT,REJECT,REJECT,3,full_agreement,1.0000,,s000058_3ebb884d\human_srs_review_1.md;s000058_3ebb884d\human_srs_review_2.md;s000058_3ebb884d\human_srs_review_3.md
s000058_3ebb884d,R006,non_verifiable,minor,ACCEPT,ACCEPT,ACCEPT,3,full_agreement,1.0000,,s000058_3ebb884d\human_srs_review_1.md;s000058_3ebb884d\human_srs_review_2.md;s000058_3ebb884d\human_srs_review_3.md
s000058_3ebb884d,R007,scope,minor,REJECT,REJECT,REJECT,3,full_agreement,1.0000,,s000058_3ebb884d\human_srs_review_1.md;s000058_3ebb884d\human_srs_review_2.md;s000058_3ebb884d\human_srs_review_3.md
s000060_935731a2,R001,unsupported_claim,major,ACCEPT,ACCEPT,PARTIAL_ACCEPT,3,majority_agreement,0.3333,,s000060_935731a2\human_srs_review_1.md;s000060_935731a2\human_srs_review_2.md;s000060_935731a2\human_srs_review_3.md
s000060_935731a2,R002,architecture_detail,major,ACCEPT,PARTIAL_ACCEPT,PARTIAL_ACCEPT,3,majority_agreement,0.3333,,s000060_935731a2\human_srs_review_1.md;s000060_935731a2\human_srs_review_2.md;s000060_935731a2\human_srs_review_3.md
s000060_935731a2,R003,non_verifiable,minor,ACCEPT,ACCEPT,ACCEPT,3,full_agreement,1.0000,,s000060_935731a2\human_srs_review_1.md;s000060_935731a2\human_srs_review_2.md;s000060_935731a2\human_srs_review_3.md
s000060_935731a2,R004,ambiguity,minor,ACCEPT,ACCEPT,ACCEPT,3,full_agreement,1.0000,,s000060_935731a2\human_srs_review_1.md;s000060_935731a2\human_srs_review_2.md;s000060_935731a2\human_srs_review_3.md
s000060_935731a2,R005,traceability,minor,REJECT,REJECT,REJECT,3,full_agreement,1.0000,,s000060_935731a2\human_srs_review_1.md;s000060_935731a2\human_srs_review_2.md;s000060_935731a2\human_srs_review_3.md
s000060_935731a2,R006,unsupported_claim,minor,REJECT,REJECT,REJECT,3,full_agreement,1.0000,,s000060_935731a2\human_srs_review_1.md;s000060_935731a2\human_srs_review_2.md;s000060_935731a2\human_srs_review_3.md
s000061_2eb4d99c,R001,scope,major,ACCEPT,ACCEPT,ACCEPT,3,full_agreement,1.0000,,s000061_2eb4d99c\human_srs_review_1.md;s000061_2eb4d99c\human_srs_review_2.md;s000061_2eb4d99c\human_srs_review_3.md
s000061_2eb4d99c,R002,non_verifiable,major,ACCEPT,ACCEPT,ACCEPT,3,full_agreement,1.0000,,s000061_2eb4d99c\human_srs_review_1.md;s000061_2eb4d99c\human_srs_review_2.md;s000061_2eb4d99c\human_srs_review_3.md
s000061_2eb4d99c,R003,traceability,minor,REJECT,REJECT,REJECT,3,full_agreement,1.0000,,s000061_2eb4d99c\human_srs_review_1.md;s000061_2eb4d99c\human_srs_review_2.md;s000061_2eb4d99c\human_srs_review_3.md
s000061_2eb4d99c,R004,unsupported_claim,minor,ACCEPT,ACCEPT,ACCEPT,3,full_agreement,1.0000,,s000061_2eb4d99c\human_srs_review_1.md;s000061_2eb4d99c\human_srs_review_2.md;s000061_2eb4d99c\human_srs_review_3.md
s000061_2eb4d99c,R005,ambiguity,minor,ACCEPT,ACCEPT,ACCEPT,3,full_agreement,1.0000,,s000061_2eb4d99c\human_srs_review_1.md;s000061_2eb4d99c\human_srs_review_2.md;s000061_2eb4d99c\human_srs_review_3.md
s000061_2eb4d99c,R006,traceability,minor,ACCEPT,ACCEPT,ACCEPT,3,full_agreement,1.0000,,s000061_2eb4d99c\human_srs_review_1.md;s000061_2eb4d99c\human_srs_review_2.md;s000061_2eb4d99c\human_srs_review_3.md
s000061_2eb4d99c,R007,architecture_detail,minor,ACCEPT,ACCEPT,ACCEPT,3,full_agreement,1.0000,,s000061_2eb4d99c\human_srs_review_1.md;s000061_2eb4d99c\human_srs_review_2.md;s000061_2eb4d99c\human_srs_review_3.md
s000062_ee8cb840,R001,architecture_detail,major,ACCEPT,PARTIAL_ACCEPT,PARTIAL_ACCEPT,3,majority_agreement,0.3333,,s000062_ee8cb840\human_srs_review_1.md;s000062_ee8cb840\human_srs_review_2.md;s000062_ee8cb840\human_srs_review_3.md
s000062_ee8cb840,R002,scope,major,ACCEPT,ACCEPT,ACCEPT,3,full_agreement,1.0000,,s000062_ee8cb840\human_srs_review_1.md;s000062_ee8cb840\human_srs_review_2.md;s000062_ee8cb840\human_srs_review_3.md
s000062_ee8cb840,R003,non_verifiable,major,ACCEPT,ACCEPT,ACCEPT,3,full_agreement,1.0000,,s000062_ee8cb840\human_srs_review_1.md;s000062_ee8cb840\human_srs_review_2.md;s000062_ee8cb840\human_srs_review_3.md
s000062_ee8cb840,R004,contradiction,major,ACCEPT,ACCEPT,ACCEPT,3,full_agreement,1.0000,,s000062_ee8cb840\human_srs_review_1.md;s000062_ee8cb840\human_srs_review_2.md;s000062_ee8cb840\human_srs_review_3.md
s000062_ee8cb840,R005,non_verifiable,minor,ACCEPT,ACCEPT,ACCEPT,3,full_agreement,1.0000,,s000062_ee8cb840\human_srs_review_1.md;s000062_ee8cb840\human_srs_review_2.md;s000062_ee8cb840\human_srs_review_3.md
s000062_ee8cb840,R006,traceability,minor,ACCEPT,ACCEPT,ACCEPT,3,full_agreement,1.0000,,s000062_ee8cb840\human_srs_review_1.md;s000062_ee8cb840\human_srs_review_2.md;s000062_ee8cb840\human_srs_review_3.md
s000062_ee8cb840,R007,ambiguity,minor,PARTIAL_ACCEPT,PARTIAL_ACCEPT,ACCEPT,3,majority_agreement,0.3333,,s000062_ee8cb840\human_srs_review_1.md;s000062_ee8cb840\human_srs_review_2.md;s000062_ee8cb840\human_srs_review_3.md
s000063_a02034f6,R001,unsupported_claim,major,ACCEPT,ACCEPT,ACCEPT,3,full_agreement,1.0000,,s000063_a02034f6\human_srs_review_1.md;s000063_a02034f6\human_srs_review_2.md;s000063_a02034f6\human_srs_review_3.md
s000063_a02034f6,R002,ambiguity,major,ACCEPT,ACCEPT,ACCEPT,3,full_agreement,1.0000,,s000063_a02034f6\human_srs_review_1.md;s000063_a02034f6\human_srs_review_2.md;s000063_a02034f6\human_srs_review_3.md
s000063_a02034f6,R003,architecture_detail,minor,ACCEPT,ACCEPT,ACCEPT,3,full_agreement,1.0000,,s000063_a02034f6\human_srs_review_1.md;s000063_a02034f6\human_srs_review_2.md;s000063_a02034f6\human_srs_review_3.md
s000063_a02034f6,R004,traceability,minor,ACCEPT,ACCEPT,ACCEPT,3,full_agreement,1.0000,,s000063_a02034f6\human_srs_review_1.md;s000063_a02034f6\human_srs_review_2.md;s000063_a02034f6\human_srs_review_3.md
s000063_a02034f6,R005,unsupported_claim,minor,ACCEPT,ACCEPT,ACCEPT,3,full_agreement,1.0000,,s000063_a02034f6\human_srs_review_1.md;s000063_a02034f6\human_srs_review_2.md;s000063_a02034f6\human_srs_review_3.md
s000063_a02034f6,R006,non_verifiable,minor,ACCEPT,ACCEPT,ACCEPT,3,full_agreement,1.0000,,s000063_a02034f6\human_srs_review_1.md;s000063_a02034f6\human_srs_review_2.md;s000063_a02034f6\human_srs_review_3.md
s000064_6a496ab6,R001,missing_requirement,major,ACCEPT,ACCEPT,ACCEPT,3,full_agreement,1.0000,,s000064_6a496ab6\human_srs_review_1.md;s000064_6a496ab6\human_srs_review_2.md;s000064_6a496ab6\human_srs_review_3.md
s000064_6a496ab6,R002,traceability,minor,ACCEPT,ACCEPT,ACCEPT,3,full_agreement,1.0000,,s000064_6a496ab6\human_srs_review_1.md;s000064_6a496ab6\human_srs_review_2.md;s000064_6a496ab6\human_srs_review_3.md
s000064_6a496ab6,R003,unsupported_claim,minor,ACCEPT,ACCEPT,ACCEPT,3,full_agreement,1.0000,,s000064_6a496ab6\human_srs_review_1.md;s000064_6a496ab6\human_srs_review_2.md;s000064_6a496ab6\human_srs_review_3.md
s000064_6a496ab6,R004,scope,minor,REJECT,REJECT,REJECT,3,full_agreement,1.0000,,s000064_6a496ab6\human_srs_review_1.md;s000064_6a496ab6\human_srs_review_2.md;s000064_6a496ab6\human_srs_review_3.md
s000064_6a496ab6,R005,non_verifiable,minor,ACCEPT,ACCEPT,ACCEPT,3,full_agreement,1.0000,,s000064_6a496ab6\human_srs_review_1.md;s000064_6a496ab6\human_srs_review_2.md;s000064_6a496ab6\human_srs_review_3.md
s000064_6a496ab6,R006,architecture_detail,minor,ACCEPT,ACCEPT,ACCEPT,3,full_agreement,1.0000,,s000064_6a496ab6\human_srs_review_1.md;s000064_6a496ab6\human_srs_review_2.md;s000064_6a496ab6\human_srs_review_3.md
s000064_6a496ab6,R007,unsupported_claim,minor,ACCEPT,ACCEPT,PARTIAL_ACCEPT,3,majority_agreement,0.3333,,s000064_6a496ab6\human_srs_review_1.md;s000064_6a496ab6\human_srs_review_2.md;s000064_6a496ab6\human_srs_review_3.md
s000066_a314f8cb,R001,unsupported_claim,major,ACCEPT,ACCEPT,ACCEPT,3,full_agreement,1.0000,,s000066_a314f8cb\human_srs_review_1.md;s000066_a314f8cb\human_srs_review_2.md;s000066_a314f8cb\human_srs_review_3.md
s000066_a314f8cb,R002,non_verifiable,major,ACCEPT,ACCEPT,ACCEPT,3,full_agreement,1.0000,,s000066_a314f8cb\human_srs_review_1.md;s000066_a314f8cb\human_srs_review_2.md;s000066_a314f8cb\human_srs_review_3.md
s000066_a314f8cb,R003,ambiguity,minor,ACCEPT,ACCEPT,ACCEPT,3,full_agreement,1.0000,,s000066_a314f8cb\human_srs_review_1.md;s000066_a314f8cb\human_srs_review_2.md;s000066_a314f8cb\human_srs_review_3.md
s000066_a314f8cb,R004,traceability,minor,ACCEPT,ACCEPT,ACCEPT,3,full_agreement,1.0000,,s000066_a314f8cb\human_srs_review_1.md;s000066_a314f8cb\human_srs_review_2.md;s000066_a314f8cb\human_srs_review_3.md
s000066_a314f8cb,R005,unsupported_claim,minor,ACCEPT,ACCEPT,ACCEPT,3,full_agreement,1.0000,,s000066_a314f8cb\human_srs_review_1.md;s000066_a314f8cb\human_srs_review_2.md;s000066_a314f8cb\human_srs_review_3.md
s000066_a314f8cb,R006,architecture_detail,minor,ACCEPT,ACCEPT,ACCEPT,3,full_agreement,1.0000,,s000066_a314f8cb\human_srs_review_1.md;s000066_a314f8cb\human_srs_review_2.md;s000066_a314f8cb\human_srs_review_3.md
s000066_a314f8cb,R007,traceability,minor,ACCEPT,ACCEPT,ACCEPT,3,full_agreement,1.0000,,s000066_a314f8cb\human_srs_review_1.md;s000066_a314f8cb\human_srs_review_2.md;s000066_a314f8cb\human_srs_review_3.md
s000067_4d85c913,R001,traceability,minor,ACCEPT,ACCEPT,ACCEPT,3,full_agreement,1.0000,,s000067_4d85c913\human_srs_review_1.md;s000067_4d85c913\human_srs_review_2.md;s000067_4d85c913\human_srs_review_3.md
s000067_4d85c913,R002,unsupported_claim,minor,ACCEPT,ACCEPT,ACCEPT,3,full_agreement,1.0000,,s000067_4d85c913\human_srs_review_1.md;s000067_4d85c913\human_srs_review_2.md;s000067_4d85c913\human_srs_review_3.md
s000067_4d85c913,R003,ambiguity,minor,ACCEPT,ACCEPT,ACCEPT,3,full_agreement,1.0000,,s000067_4d85c913\human_srs_review_1.md;s000067_4d85c913\human_srs_review_2.md;s000067_4d85c913\human_srs_review_3.md
s000067_4d85c913,R004,non_verifiable,minor,ACCEPT,ACCEPT,ACCEPT,3,full_agreement,1.0000,,s000067_4d85c913\human_srs_review_1.md;s000067_4d85c913\human_srs_review_2.md;s000067_4d85c913\human_srs_review_3.md
s000067_4d85c913,R005,architecture_detail,minor,ACCEPT,ACCEPT,ACCEPT,3,full_agreement,1.0000,,s000067_4d85c913\human_srs_review_1.md;s000067_4d85c913\human_srs_review_2.md;s000067_4d85c913\human_srs_review_3.md
s000068_a8b7a94e,R001,unsupported_claim,major,ACCEPT,ACCEPT,ACCEPT,3,full_agreement,1.0000,,s000068_a8b7a94e\human_srs_review_1.md;s000068_a8b7a94e\human_srs_review_2.md;s000068_a8b7a94e\human_srs_review_3.md
s000068_a8b7a94e,R002,scope,major,PARTIAL_ACCEPT,PARTIAL_ACCEPT,ACCEPT,3,majority_agreement,0.3333,,s000068_a8b7a94e\human_srs_review_1.md;s000068_a8b7a94e\human_srs_review_2.md;s000068_a8b7a94e\human_srs_review_3.md
s000068_a8b7a94e,R003,non_verifiable,major,ACCEPT,ACCEPT,ACCEPT,3,full_agreement,1.0000,,s000068_a8b7a94e\human_srs_review_1.md;s000068_a8b7a94e\human_srs_review_2.md;s000068_a8b7a94e\human_srs_review_3.md
s000068_a8b7a94e,R004,ambiguity,minor,ACCEPT,ACCEPT,ACCEPT,3,full_agreement,1.0000,,s000068_a8b7a94e\human_srs_review_1.md;s000068_a8b7a94e\human_srs_review_2.md;s000068_a8b7a94e\human_srs_review_3.md
s000068_a8b7a94e,R005,ambiguity,minor,ACCEPT,ACCEPT,ACCEPT,3,full_agreement,1.0000,,s000068_a8b7a94e\human_srs_review_1.md;s000068_a8b7a94e\human_srs_review_2.md;s000068_a8b7a94e\human_srs_review_3.md
s000068_a8b7a94e,R006,architecture_detail,minor,ACCEPT,ACCEPT,ACCEPT,3,full_agreement,1.0000,,s000068_a8b7a94e\human_srs_review_1.md;s000068_a8b7a94e\human_srs_review_2.md;s000068_a8b7a94e\human_srs_review_3.md
s000068_a8b7a94e,R007,traceability,minor,ACCEPT,ACCEPT,ACCEPT,3,full_agreement,1.0000,,s000068_a8b7a94e\human_srs_review_1.md;s000068_a8b7a94e\human_srs_review_2.md;s000068_a8b7a94e\human_srs_review_3.md
s000068_a8b7a94e,R008,traceability,minor,ACCEPT,ACCEPT,ACCEPT,3,full_agreement,1.0000,,s000068_a8b7a94e\human_srs_review_1.md;s000068_a8b7a94e\human_srs_review_2.md;s000068_a8b7a94e\human_srs_review_3.md
s000071_902634c0,R001,contradiction,minor,REJECT,REJECT,REJECT,3,full_agreement,1.0000,,s000071_902634c0\human_srs_review_1.md;s000071_902634c0\human_srs_review_2.md;s000071_902634c0\human_srs_review_3.md
s000071_902634c0,R002,unsupported_claim,major,ACCEPT,ACCEPT,ACCEPT,3,full_agreement,1.0000,,s000071_902634c0\human_srs_review_1.md;s000071_902634c0\human_srs_review_2.md;s000071_902634c0\human_srs_review_3.md
s000071_902634c0,R003,traceability,major,ACCEPT,ACCEPT,ACCEPT,3,full_agreement,1.0000,,s000071_902634c0\human_srs_review_1.md;s000071_902634c0\human_srs_review_2.md;s000071_902634c0\human_srs_review_3.md
s000071_902634c0,R004,non_verifiable,minor,ACCEPT,ACCEPT,ACCEPT,3,full_agreement,1.0000,,s000071_902634c0\human_srs_review_1.md;s000071_902634c0\human_srs_review_2.md;s000071_902634c0\human_srs_review_3.md
s000071_902634c0,R005,architecture_detail,minor,ACCEPT,PARTIAL_ACCEPT,ACCEPT,3,majority_agreement,0.3333,,s000071_902634c0\human_srs_review_1.md;s000071_902634c0\human_srs_review_2.md;s000071_902634c0\human_srs_review_3.md
s000071_902634c0,R006,scope,minor,ACCEPT,ACCEPT,ACCEPT,3,full_agreement,1.0000,,s000071_902634c0\human_srs_review_1.md;s000071_902634c0\human_srs_review_2.md;s000071_902634c0\human_srs_review_3.md
s000071_902634c0,R007,ambiguity,minor,ACCEPT,ACCEPT,ACCEPT,3,full_agreement,1.0000,,s000071_902634c0\human_srs_review_1.md;s000071_902634c0\human_srs_review_2.md;s000071_902634c0\human_srs_review_3.md
s000072_b56aad92,R001,scope,major,ACCEPT,ACCEPT,ACCEPT,3,full_agreement,1.0000,,s000072_b56aad92\human_srs_review_1.md;s000072_b56aad92\human_srs_review_2.md;s000072_b56aad92\human_srs_review_3.md
s000072_b56aad92,R002,scope,major,ACCEPT,ACCEPT,ACCEPT,3,full_agreement,1.0000,,s000072_b56aad92\human_srs_review_1.md;s000072_b56aad92\human_srs_review_2.md;s000072_b56aad92\human_srs_review_3.md
s000072_b56aad92,R003,architecture_detail,major,PARTIAL_ACCEPT,PARTIAL_ACCEPT,ACCEPT,3,majority_agreement,0.3333,,s000072_b56aad92\human_srs_review_1.md;s000072_b56aad92\human_srs_review_2.md;s000072_b56aad92\human_srs_review_3.md
s000072_b56aad92,R004,non_verifiable,minor,ACCEPT,ACCEPT,ACCEPT,3,full_agreement,1.0000,,s000072_b56aad92\human_srs_review_1.md;s000072_b56aad92\human_srs_review_2.md;s000072_b56aad92\human_srs_review_3.md
s000072_b56aad92,R005,traceability,minor,ACCEPT,ACCEPT,ACCEPT,3,full_agreement,1.0000,,s000072_b56aad92\human_srs_review_1.md;s000072_b56aad92\human_srs_review_2.md;s000072_b56aad92\human_srs_review_3.md
s000072_b56aad92,R006,non_verifiable,major,ACCEPT,ACCEPT,ACCEPT,3,full_agreement,1.0000,,s000072_b56aad92\human_srs_review_1.md;s000072_b56aad92\human_srs_review_2.md;s000072_b56aad92\human_srs_review_3.md
s000072_b56aad92,R007,ambiguity,minor,ACCEPT,ACCEPT,ACCEPT,3,full_agreement,1.0000,,s000072_b56aad92\human_srs_review_1.md;s000072_b56aad92\human_srs_review_2.md;s000072_b56aad92\human_srs_review_3.md
s000072_b56aad92,R008,unsupported_claim,minor,ACCEPT,ACCEPT,ACCEPT,3,full_agreement,1.0000,,s000072_b56aad92\human_srs_review_1.md;s000072_b56aad92\human_srs_review_2.md;s000072_b56aad92\human_srs_review_3.md
s000074_70e7d7f5,R001,architecture_detail,5,ACCEPT,PARTIAL_ACCEPT,ACCEPT,3,majority_agreement,0.3333,,s000074_70e7d7f5\human_srs_review_1.md;s000074_70e7d7f5\human_srs_review_2.md;s000074_70e7d7f5\human_srs_review_3.md
s000074_70e7d7f5,R002,traceability,4,ACCEPT,ACCEPT,ACCEPT,3,full_agreement,1.0000,,s000074_70e7d7f5\human_srs_review_1.md;s000074_70e7d7f5\human_srs_review_2.md;s000074_70e7d7f5\human_srs_review_3.md
s000074_70e7d7f5,R003,unsupported_claim,3,ACCEPT,ACCEPT,ACCEPT,3,full_agreement,1.0000,,s000074_70e7d7f5\human_srs_review_1.md;s000074_70e7d7f5\human_srs_review_2.md;s000074_70e7d7f5\human_srs_review_3.md
s000074_70e7d7f5,R004,unsupported_claim,4,ACCEPT,ACCEPT,ACCEPT,3,full_agreement,1.0000,,s000074_70e7d7f5\human_srs_review_1.md;s000074_70e7d7f5\human_srs_review_2.md;s000074_70e7d7f5\human_srs_review_3.md
s000074_70e7d7f5,R005,non_verifiable,2,ACCEPT,ACCEPT,ACCEPT,3,full_agreement,1.0000,,s000074_70e7d7f5\human_srs_review_1.md;s000074_70e7d7f5\human_srs_review_2.md;s000074_70e7d7f5\human_srs_review_3.md
s000074_70e7d7f5,R006,scope,3,ACCEPT,ACCEPT,ACCEPT,3,full_agreement,1.0000,,s000074_70e7d7f5\human_srs_review_1.md;s000074_70e7d7f5\human_srs_review_2.md;s000074_70e7d7f5\human_srs_review_3.md
s000075_7722edce,R001,contradiction,major,ACCEPT,ACCEPT,ACCEPT,3,full_agreement,1.0000,,s000075_7722edce\human_srs_review_1.md;s000075_7722edce\human_srs_review_2.md;s000075_7722edce\human_srs_review_3.md
s000075_7722edce,R002,unsupported_claim,minor,ACCEPT,ACCEPT,ACCEPT,3,full_agreement,1.0000,,s000075_7722edce\human_srs_review_1.md;s000075_7722edce\human_srs_review_2.md;s000075_7722edce\human_srs_review_3.md
s000075_7722edce,R003,architecture_detail,major,ACCEPT,ACCEPT,ACCEPT,3,full_agreement,1.0000,,s000075_7722edce\human_srs_review_1.md;s000075_7722edce\human_srs_review_2.md;s000075_7722edce\human_srs_review_3.md
s000075_7722edce,R004,non_verifiable,minor,ACCEPT,ACCEPT,ACCEPT,3,full_agreement,1.0000,,s000075_7722edce\human_srs_review_1.md;s000075_7722edce\human_srs_review_2.md;s000075_7722edce\human_srs_review_3.md
s000075_7722edce,R005,scope,minor,ACCEPT,ACCEPT,ACCEPT,3,full_agreement,1.0000,,s000075_7722edce\human_srs_review_1.md;s000075_7722edce\human_srs_review_2.md;s000075_7722edce\human_srs_review_3.md
s000075_7722edce,R006,ambiguity,minor,ACCEPT,ACCEPT,ACCEPT,3,full_agreement,1.0000,,s000075_7722edce\human_srs_review_1.md;s000075_7722edce\human_srs_review_2.md;s000075_7722edce\human_srs_review_3.md
s000091_f459979d,R001,unsupported_claim,minor,ACCEPT,ACCEPT,ACCEPT,3,full_agreement,1.0000,,s000091_f459979d\human_srs_review_1.md;s000091_f459979d\human_srs_review_2.md;s000091_f459979d\human_srs_review_3.md
s000091_f459979d,R002,non_verifiable,minor,ACCEPT,ACCEPT,ACCEPT,3,full_agreement,1.0000,,s000091_f459979d\human_srs_review_1.md;s000091_f459979d\human_srs_review_2.md;s000091_f459979d\human_srs_review_3.md
s000091_f459979d,R003,missing_requirement,minor,ACCEPT,ACCEPT,ACCEPT,3,full_agreement,1.0000,,s000091_f459979d\human_srs_review_1.md;s000091_f459979d\human_srs_review_2.md;s000091_f459979d\human_srs_review_3.md
s000091_f459979d,R004,scope,major,PARTIAL_ACCEPT,PARTIAL_ACCEPT,ACCEPT,3,majority_agreement,0.3333,,s000091_f459979d\human_srs_review_1.md;s000091_f459979d\human_srs_review_2.md;s000091_f459979d\human_srs_review_3.md
s000091_f459979d,R005,traceability,minor,ACCEPT,ACCEPT,ACCEPT,3,full_agreement,1.0000,,s000091_f459979d\human_srs_review_1.md;s000091_f459979d\human_srs_review_2.md;s000091_f459979d\human_srs_review_3.md
s000091_f459979d,R006,ambiguity,minor,ACCEPT,ACCEPT,ACCEPT,3,full_agreement,1.0000,,s000091_f459979d\human_srs_review_1.md;s000091_f459979d\human_srs_review_2.md;s000091_f459979d\human_srs_review_3.md
s000093_425295b3,R001,scope,critical,ACCEPT,ACCEPT,ACCEPT,3,full_agreement,1.0000,,s000093_425295b3\human_srs_review_1.md;s000093_425295b3\human_srs_review_2.md;s000093_425295b3\human_srs_review_3.md
s000093_425295b3,R002,missing_requirement,critical,ACCEPT,ACCEPT,ACCEPT,3,full_agreement,1.0000,,s000093_425295b3\human_srs_review_1.md;s000093_425295b3\human_srs_review_2.md;s000093_425295b3\human_srs_review_3.md
s000093_425295b3,R003,traceability,major,ACCEPT,ACCEPT,ACCEPT,3,full_agreement,1.0000,,s000093_425295b3\human_srs_review_1.md;s000093_425295b3\human_srs_review_2.md;s000093_425295b3\human_srs_review_3.md
s000093_425295b3,R004,ambiguity,minor,ACCEPT,ACCEPT,ACCEPT,3,full_agreement,1.0000,,s000093_425295b3\human_srs_review_1.md;s000093_425295b3\human_srs_review_2.md;s000093_425295b3\human_srs_review_3.md
s000093_425295b3,R005,architecture_detail,major,ACCEPT,ACCEPT,ACCEPT,3,full_agreement,1.0000,,s000093_425295b3\human_srs_review_1.md;s000093_425295b3\human_srs_review_2.md;s000093_425295b3\human_srs_review_3.md
s000095_d8954776,R001,scope,major,PARTIAL_ACCEPT,PARTIAL_ACCEPT,ACCEPT,3,majority_agreement,0.3333,,s000095_d8954776\human_srs_review_1.md;s000095_d8954776\human_srs_review_2.md;s000095_d8954776\human_srs_review_3.md
s000095_d8954776,R002,unsupported_claim,major,ACCEPT,ACCEPT,ACCEPT,3,full_agreement,1.0000,,s000095_d8954776\human_srs_review_1.md;s000095_d8954776\human_srs_review_2.md;s000095_d8954776\human_srs_review_3.md
s000095_d8954776,R003,traceability,minor,ACCEPT,ACCEPT,ACCEPT,3,full_agreement,1.0000,,s000095_d8954776\human_srs_review_1.md;s000095_d8954776\human_srs_review_2.md;s000095_d8954776\human_srs_review_3.md
s000095_d8954776,R004,ambiguity,minor,ACCEPT,ACCEPT,ACCEPT,3,full_agreement,1.0000,,s000095_d8954776\human_srs_review_1.md;s000095_d8954776\human_srs_review_2.md;s000095_d8954776\human_srs_review_3.md
s000095_d8954776,R005,non_verifiable,minor,ACCEPT,ACCEPT,ACCEPT,3,full_agreement,1.0000,,s000095_d8954776\human_srs_review_1.md;s000095_d8954776\human_srs_review_2.md;s000095_d8954776\human_srs_review_3.md
s000095_d8954776,R006,architecture_detail,minor,ACCEPT,PARTIAL_ACCEPT,ACCEPT,3,majority_agreement,0.3333,,s000095_d8954776\human_srs_review_1.md;s000095_d8954776\human_srs_review_2.md;s000095_d8954776\human_srs_review_3.md
s000095_d8954776,R007,traceability,minor,REJECT,REJECT,REJECT,3,full_agreement,1.0000,,s000095_d8954776\human_srs_review_1.md;s000095_d8954776\human_srs_review_2.md;s000095_d8954776\human_srs_review_3.md
s000097_d7ed0eae,R001,scope,major,PARTIAL_ACCEPT,PARTIAL_ACCEPT,ACCEPT,3,majority_agreement,0.3333,,s000097_d7ed0eae\human_srs_review_1.md;s000097_d7ed0eae\human_srs_review_2.md;s000097_d7ed0eae\human_srs_review_3.md
s000097_d7ed0eae,R002,traceability,minor,ACCEPT,ACCEPT,ACCEPT,3,full_agreement,1.0000,,s000097_d7ed0eae\human_srs_review_1.md;s000097_d7ed0eae\human_srs_review_2.md;s000097_d7ed0eae\human_srs_review_3.md
s000097_d7ed0eae,R003,ambiguity,minor,ACCEPT,ACCEPT,ACCEPT,3,full_agreement,1.0000,,s000097_d7ed0eae\human_srs_review_1.md;s000097_d7ed0eae\human_srs_review_2.md;s000097_d7ed0eae\human_srs_review_3.md
s000097_d7ed0eae,R004,non_verifiable,minor,ACCEPT,ACCEPT,ACCEPT,3,full_agreement,1.0000,,s000097_d7ed0eae\human_srs_review_1.md;s000097_d7ed0eae\human_srs_review_2.md;s000097_d7ed0eae\human_srs_review_3.md
s000097_d7ed0eae,R005,architecture_detail,minor,ACCEPT,ACCEPT,ACCEPT,3,full_agreement,1.0000,,s000097_d7ed0eae\human_srs_review_1.md;s000097_d7ed0eae\human_srs_review_2.md;s000097_d7ed0eae\human_srs_review_3.md
s000097_d7ed0eae,R006,unsupported_claim,minor,ACCEPT,ACCEPT,ACCEPT,3,full_agreement,1.0000,,s000097_d7ed0eae\human_srs_review_1.md;s000097_d7ed0eae\human_srs_review_2.md;s000097_d7ed0eae\human_srs_review_3.md
s000350_a0cfb4f2,R001,scope,major,ACCEPT,ACCEPT,ACCEPT,3,full_agreement,1.0000,,s000350_a0cfb4f2\human_srs_review_1.md;s000350_a0cfb4f2\human_srs_review_2.md;s000350_a0cfb4f2\human_srs_review_3.md
s000350_a0cfb4f2,R002,traceability,major,ACCEPT,ACCEPT,ACCEPT,3,full_agreement,1.0000,,s000350_a0cfb4f2\human_srs_review_1.md;s000350_a0cfb4f2\human_srs_review_2.md;s000350_a0cfb4f2\human_srs_review_3.md
s000350_a0cfb4f2,R003,unsupported_claim,major,ACCEPT,ACCEPT,ACCEPT,3,full_agreement,1.0000,,s000350_a0cfb4f2\human_srs_review_1.md;s000350_a0cfb4f2\human_srs_review_2.md;s000350_a0cfb4f2\human_srs_review_3.md
s000350_a0cfb4f2,R004,non_verifiable,minor,ACCEPT,ACCEPT,ACCEPT,3,full_agreement,1.0000,,s000350_a0cfb4f2\human_srs_review_1.md;s000350_a0cfb4f2\human_srs_review_2.md;s000350_a0cfb4f2\human_srs_review_3.md
s000350_a0cfb4f2,R005,missing_requirement,minor,REJECT,REJECT,REJECT,3,full_agreement,1.0000,,s000350_a0cfb4f2\human_srs_review_1.md;s000350_a0cfb4f2\human_srs_review_2.md;s000350_a0cfb4f2\human_srs_review_3.md
s000350_a0cfb4f2,R006,unsupported_claim,minor,ACCEPT,ACCEPT,ACCEPT,3,full_agreement,1.0000,,s000350_a0cfb4f2\human_srs_review_1.md;s000350_a0cfb4f2\human_srs_review_2.md;s000350_a0cfb4f2\human_srs_review_3.md
s000350_a0cfb4f2,R007,architecture_detail,minor,ACCEPT,ACCEPT,ACCEPT,3,full_agreement,1.0000,,s000350_a0cfb4f2\human_srs_review_1.md;s000350_a0cfb4f2\human_srs_review_2.md;s000350_a0cfb4f2\human_srs_review_3.md
s000350_a0cfb4f2,R008,ambiguity,minor,ACCEPT,ACCEPT,ACCEPT,3,full_agreement,1.0000,,s000350_a0cfb4f2\human_srs_review_1.md;s000350_a0cfb4f2\human_srs_review_2.md;s000350_a0cfb4f2\human_srs_review_3.md
s000351_ed818cab,R001,architecture_detail,minor,ACCEPT,ACCEPT,ACCEPT,3,full_agreement,1.0000,,s000351_ed818cab\human_srs_review_1.md;s000351_ed818cab\human_srs_review_2.md;s000351_ed818cab\human_srs_review_3.md
s000351_ed818cab,R002,unsupported_claim,major,ACCEPT,ACCEPT,ACCEPT,3,full_agreement,1.0000,,s000351_ed818cab\human_srs_review_1.md;s000351_ed818cab\human_srs_review_2.md;s000351_ed818cab\human_srs_review_3.md
s000351_ed818cab,R003,traceability,minor,ACCEPT,ACCEPT,ACCEPT,3,full_agreement,1.0000,,s000351_ed818cab\human_srs_review_1.md;s000351_ed818cab\human_srs_review_2.md;s000351_ed818cab\human_srs_review_3.md
s000351_ed818cab,R004,missing_requirement,minor,ACCEPT,ACCEPT,ACCEPT,3,full_agreement,1.0000,,s000351_ed818cab\human_srs_review_1.md;s000351_ed818cab\human_srs_review_2.md;s000351_ed818cab\human_srs_review_3.md
s000351_ed818cab,R005,non_verifiable,minor,ACCEPT,ACCEPT,ACCEPT,3,full_agreement,1.0000,,s000351_ed818cab\human_srs_review_1.md;s000351_ed818cab\human_srs_review_2.md;s000351_ed818cab\human_srs_review_3.md
s000351_ed818cab,R006,ambiguity,minor,ACCEPT,ACCEPT,ACCEPT,3,full_agreement,1.0000,,s000351_ed818cab\human_srs_review_1.md;s000351_ed818cab\human_srs_review_2.md;s000351_ed818cab\human_srs_review_3.md
s000353_eb501ff3,R001,contradiction,minor,ACCEPT,ACCEPT,ACCEPT,3,full_agreement,1.0000,,s000353_eb501ff3\human_srs_review_1.md;s000353_eb501ff3\human_srs_review_2.md;s000353_eb501ff3\human_srs_review_3.md
s000353_eb501ff3,R002,unsupported_claim,major,ACCEPT,ACCEPT,ACCEPT,3,full_agreement,1.0000,,s000353_eb501ff3\human_srs_review_1.md;s000353_eb501ff3\human_srs_review_2.md;s000353_eb501ff3\human_srs_review_3.md
s000353_eb501ff3,R003,ambiguity,minor,ACCEPT,ACCEPT,ACCEPT,3,full_agreement,1.0000,,s000353_eb501ff3\human_srs_review_1.md;s000353_eb501ff3\human_srs_review_2.md;s000353_eb501ff3\human_srs_review_3.md
s000353_eb501ff3,R004,non_verifiable,minor,ACCEPT,ACCEPT,ACCEPT,3,full_agreement,1.0000,,s000353_eb501ff3\human_srs_review_1.md;s000353_eb501ff3\human_srs_review_2.md;s000353_eb501ff3\human_srs_review_3.md
s000353_eb501ff3,R005,missing_requirement,minor,ACCEPT,ACCEPT,ACCEPT,3,full_agreement,1.0000,,s000353_eb501ff3\human_srs_review_1.md;s000353_eb501ff3\human_srs_review_2.md;s000353_eb501ff3\human_srs_review_3.md
s000353_eb501ff3,R006,scope,minor,ACCEPT,ACCEPT,ACCEPT,3,full_agreement,1.0000,,s000353_eb501ff3\human_srs_review_1.md;s000353_eb501ff3\human_srs_review_2.md;s000353_eb501ff3\human_srs_review_3.md
s000353_eb501ff3,R007,traceability,minor,ACCEPT,ACCEPT,ACCEPT,3,full_agreement,1.0000,,s000353_eb501ff3\human_srs_review_1.md;s000353_eb501ff3\human_srs_review_2.md;s000353_eb501ff3\human_srs_review_3.md
