sample_id,issue_count,complete_issue_count,full_agreement_count,majority_agreement_count,conflict_count,data_insufficient_count,full_agreement_rate,majority_or_full_rate,avg_pair_agreement,fleiss_kappa
s000001_3c90b51c,8,8,8,0,0,0,1.0000,1.0000,1.0000,1.0000
s000002_0f72cc9f,7,7,5,2,0,0,0.7143,1.0000,0.8095,0.2222
s000003_e847b2a1,11,11,5,6,0,0,0.4545,1.0000,0.6364,0.1391
s000004_241f0bcc,7,7,6,1,0,0,0.8571,1.0000,0.9048,0.7558
s000006_df2f83a2,7,7,5,2,0,0,0.7143,1.0000,0.8095,0.6182
s000007_6883c7be,6,6,5,1,0,0,0.8333,1.0000,0.8889,0.6949
s000008_a5828142,6,6,6,0,0,0,1.0000,1.0000,1.0000,1.0000
s000009_ff7318d0,6,6,4,2,0,0,0.6667,1.0000,0.7778,0.5000
s000010_87e6341f,7,7,5,2,0,0,0.7143,1.0000,0.8095,0.5116
s000013_b5fd7337,6,6,5,1,0,0,0.8333,1.0000,0.8889,0.7465
s000020_3582f816,7,7,4,3,0,0,0.5714,1.0000,0.7143,0.5000
s000024_99ab1380,6,6,4,2,0,0,0.6667,1.0000,0.7778,0.6538
s000025_9ba1413f,6,6,6,0,0,0,1.0000,1.0000,1.0000,1.0000
s000026_5d153cf4,6,6,4,2,0,0,0.6667,1.0000,0.7778,0.6211
s000028_3e80e738,6,6,6,0,0,0,1.0000,1.0000,1.0000,1.0000
s000032_0a49a326,6,6,5,1,0,0,0.8333,1.0000,0.8889,0.6786
s000033_b99c1106,5,5,2,3,0,0,0.4000,1.0000,0.6000,0.1667
s000034_43fffc9f,7,7,7,0,0,0,1.0000,1.0000,1.0000,1.0000
s000036_b0b48363,6,6,5,1,0,0,0.8333,1.0000,0.8889,0.7662
s000037_396c6313,7,7,7,0,0,0,1.0000,1.0000,1.0000,1.0000
s000038_2c7731fc,7,7,5,2,0,0,0.7143,1.0000,0.8095,0.6182
s000040_337afcbb,8,8,8,0,0,0,1.0000,1.0000,1.0000,1.0000
s000045_597bf972,6,6,6,0,0,0,1.0000,1.0000,1.0000,1.0000
s000047_f269f85a,8,8,8,0,0,0,1.0000,1.0000,1.0000,1.0000
s000049_a71048ac,7,7,6,1,0,0,0.8571,1.0000,0.9048,0.7981
s000050_275af3e0,7,7,5,2,0,0,0.7143,1.0000,0.8095,0.6889
s000053_ec192d86,6,6,5,1,0,0,0.8333,1.0000,0.8889,0.8043
s000054_5d13634b,7,7,6,1,0,0,0.8571,1.0000,0.9048,0.8279
s000055_6ea7621c,7,7,7,0,0,0,1.0000,1.0000,1.0000,1.0000
s000056_78d18331,6,6,4,2,0,0,0.6667,1.0000,0.7778,0.5556
s000057_94d93adc,6,6,5,1,0,0,0.8333,1.0000,0.8889,0.6786
s000058_3ebb884d,7,7,7,0,0,0,1.0000,1.0000,1.0000,1.0000
s000060_935731a2,6,6,4,2,0,0,0.6667,1.0000,0.7778,0.6364
s000061_2eb4d99c,7,7,7,0,0,0,1.0000,1.0000,1.0000,1.0000
s000062_ee8cb840,7,7,5,2,0,0,0.7143,1.0000,0.8095,0.3824
s000063_a02034f6,6,6,6,0,0,0,1.0000,1.0000,1.0000,1.0000
s000064_6a496ab6,7,7,6,1,0,0,0.8571,1.0000,0.9048,0.7042
s000066_a314f8cb,7,7,7,0,0,0,1.0000,1.0000,1.0000,1.0000
s000067_4d85c913,5,5,5,0,0,0,1.0000,1.0000,1.0000,1.0000
s000068_a8b7a94e,8,8,7,1,0,0,0.8750,1.0000,0.9167,0.4545
s000071_902634c0,7,7,6,1,0,0,0.8571,1.0000,0.9048,0.7042
s000072_b56aad92,8,8,7,1,0,0,0.8750,1.0000,0.9167,0.4545
s000074_70e7d7f5,6,6,5,1,0,0,0.8333,1.0000,0.8889,-0.0588
s000075_7722edce,6,6,6,0,0,0,1.0000,1.0000,1.0000,1.0000
s000091_f459979d,6,6,5,1,0,0,0.8333,1.0000,0.8889,0.4375
s000093_425295b3,5,5,5,0,0,0,1.0000,1.0000,1.0000,1.0000
s000095_d8954776,7,7,5,2,0,0,0.7143,1.0000,0.8095,0.5758
s000097_d7ed0eae,6,6,5,1,0,0,0.8333,1.0000,0.8889,0.4375
s000350_a0cfb4f2,8,8,8,0,0,0,1.0000,1.0000,1.0000,1.0000
s000351_ed818cab,6,6,6,0,0,0,1.0000,1.0000,1.0000,1.0000
s000353_eb501ff3,7,7,7,0,0,0,1.0000,1.0000,1.0000,1.0000
